,0
YORK,5512
NATO,3133
NASA,2238
NYSE,1720
AIDS,1437
FTSE,1316
NCAA,1277
UCLA,949
HSBC,854
OPEC,784
CITY,772
HBOS,746
IAEA,681
IPCC,646
ESPN,640
FDIC,629
CCTV,608
FARC,600
GAAP,511
TARP,440
FIFA,387
OECD,373
AZUZ,354
EADS,325
TIME,320
LPGA,317
WITH,286
CNBC,282
GMAC,281
UEFA,278
HMRC,273
FEMA,272
ROME,269
USDA,267
AARP,266
HONG,252
KONG,251
MRSA,244
THAT,244
LTTE,238
THIS,225
GCSE,221
WHAT,219
ACLU,208
LAPD,206
ANSA,194
KPMG,191
NTSB,191
ADHD,184
WHEN,174
ISAF,168
LAKE,167
PTSD,167
FORT,166
PSNI,161
WILL,161
MBIA,155
THEY,154
RSPB,153
NEWS,152
RNLI,151
SEIU,151
IRNA,147
HAVE,147
CPSC,146
YOUR,144
OSCE,144
IAAF,143
UKIP,134
SWAT,134
FLDS,125
MSCI,119
WWII,119
CAPE,119
ICRC,119
CNET,114
SALT,114
VIII,113
HERE,111
PARK,107
DEAR,106
BUSH,105
ONLY,104
CERN,104
WEST,103
USOC,103
CSKA,102
CFTC,102
MORE,101
HDTV,98
ALCS,96
CARE,96
NYPD,96
FROM,95
USGS,93
NICE,93
SADC,92
PETA,91
USSR,89
SARS,89
REAL,89
KCNA,88
UNDP,87
BASE,86
SDLP,86
FOMC,83
NOAA,83
NOTE,83
COPD,82
GAZA,82
FREE,81
JOSE,81
RFID,81
MEND,80
OSLO,80
APEC,79
CMBS,79
PAUL,79
SPLM,79
GMTV,79
EAST,79
IMAX,79
SAIC,78
OSHA,78
UKFI,77
SUNA,77
WNBA,77
SANA,76
LVMH,74
WADA,74
JUST,72
LEED,72
YMCA,71
IUCN,71
FISA,69
LGBT,69
EVER,68
MUST,68
BASF,67
CDMA,66
BRCA,65
IATA,65
UNEP,64
REIT,63
HOPE,62
LOVE,61
OVER,61
CLSA,60
TSMC,60
SITE,60
JPMN,60
BACK,60
STAR,60
KUNA,59
FDLR,59
RICS,58
NCIS,58
MILF,57
LIFE,57
GOOD,57
TOWN,56
IPTV,56
SOME,56
DISH,55
ISNA,54
NLCS,54
STOP,54
IFRS,54
CNPC,54
BBVA,53
NWFP,53
BEST,53
LIVE,53
VERY,52
JOHN,52
MOST,51
SMMT,51
CAIR,51
HDMI,51
SEAL,51
TAKE,50
VECO,50
FOTA,50
PMOI,49
PATH,49
CACI,49
MPAA,49
NEED,48
FSCS,48
FICO,48
ROCK,48
OLPC,48
GCHQ,48
LIKE,48
KNOW,48
KIEV,48
FASB,47
SPCA,47
FINA,47
SNCF,46
MSHA,46
UNLV,46
CARL,46
IRGC,46
PMLN,46
TSXV,46
BRIC,45
HILL,45
LONG,45
HELP,45
LAST,45
PALM,45
HOME,45
DVLA,44
ABBA,44
EMEA,44
IXIC,43
SIPC,43
FOIA,43
MAKE,43
DOHA,43
MANY,43
DCSF,43
BACN,43
OLED,43
MENA,43
AIGN,42
RSVP,42
AQIM,42
USGA,42
ICBC,41
RAND,41
MINI,41
SXSW,41
SFAS,41
THEM,41
BCCI,41
JUAN,40
HFEA,40
MUCH,40
EHRC,39
AAIB,39
VOTE,39
DOES,39
BOTH,39
ONGC,39
MOCA,38
DPRK,38
ARPU,38
EBIT,38
STEM,38
MERN,38
AQAP,37
THEN,37
KING,37
DRAM,37
TALF,37
BILL,36
EVEN,36
MADD,36
MSFT,36
LIMA,35
PCSO,35
RIAA,35
WANT,35
ARRA,35
EEOC,35
PORT,34
REDD,34
RNIB,34
KHAN,34
VIEW,34
CTIA,34
MSRP,34
TIPS,34
UTEP,34
DOWN,34
MUFG,34
IFAW,34
WISE,34
WERE,33
CAMP,33
MRAP,33
HTML,33
HVAC,33
AMRO,33
NAND,32
LESS,32
WMTN,32
CIPS,32
CPAC,32
RMBS,32
ICTY,32
KIDS,32
ACMD,31
TEAM,31
DERA,31
XLIV,31
ICAP,31
PETN,31
USPS,31
IOWA,30
ASAP,30
FACT,30
CAFE,30
INLA,30
SIDS,30
FMLN,30
VEBA,30
RCMP,30
HIGH,30
CBOT,29
EBRD,29
SAVE,29
WETA,29
CASA,29
MHRA,29
XLII,29
LEGO,29
HGTV,29
CAST,29
PLUS,28
PENH,28
CEBR,28
WABC,28
IDEA,28
KIPP,28
BLUE,28
HUGE,28
IKEA,28
AVIV,28
BAIC,28
MPLA,28
BART,28
GOLD,27
CHIP,27
DWTS,27
NEXT,27
USAF,27
AFLD,27
NHRA,27
OCHA,27
SUNY,27
ROTC,27
IBMN,26
SAFC,26
PMLQ,26
FATA,26
BEEN,26
LOOK,26
EDGE,26
MGIC,26
GSMA,26
AFGE,25
MORI,25
CERA,25
WUSA,25
HSPA,25
NRDC,25
EPIC,25
CIBC,25
TSSA,25
ENRC,24
YEAR,24
MARK,24
DMGT,24
NRCC,24
ACPO,24
LOST,24
ALPA,24
CNDP,24
USNS,24
BBDO,24
GIVE,23
WFCN,23
RICO,23
CEOP,23
LEHN,23
HPQN,23
UKBA,23
DJIA,23
WELL,23
ADIA,23
FREN,23
TATP,23
AMEX,23
READ,23
FULL,23
UMNO,23
PASS,23
IASB,23
SAME,23
PACS,23
FAIR,22
LISC,22
SAFE,22
CPAP,22
NONE,22
TROY,22
XIII,22
HOOD,22
ALTO,22
OREO,22
WEEK,22
ECHR,22
SMFG,22
WORK,22
THAN,22
ISCI,21
ADSL,21
CSPI,21
FNMN,21
STFC,21
ETIC,21
NLRB,21
IIHS,21
PACE,21
IFPI,21
AHRQ,21
CBOE,21
KEEP,21
AWOL,21
ESRI,20
ISRO,20
DEMO,20
JAMA,20
KFOR,20
CASH,20
INTO,20
CBRE,20
CMOS,20
DECC,20
RENO,20
IPPR,20
NCTC,20
BSCN,20
NADA,20
ICBM,20
WASP,20
SMBC,20
CUNY,20
BNSF,20
APTN,20
HATE,19
PUMA,19
SOFA,19
RNAS,19
NCCN,19
ALSO,19
MBNA,19
XOMN,19
CFPA,19
MDMA,19
CSCI,19
BEND,19
ILNA,19
MEMS,19
GOOG,19
BATE,19
GOAL,19
COPS,19
GAME,19
FERC,19
SNAP,19
FGIC,19
VODL,19
RCTV,19
HEAT,19
WJLA,19
PBGC,19
RAID,19
WINS,18
FIND,18
WILD,18
PDSA,18
PASO,18
EGFR,18
RBSL,18
ELSE,18
CAGR,18
EVDO,18
MASH,18
CALL,18
AHIP,18
PALO,18
MACC,18
SETI,18
DCCC,18
WMUR,18
LIFO,18
CARS,18
PSEG,18
IRAN,18
NBER,18
ZERO,18
HAMP,18
FIBA,17
WTOP,17
SOCA,17
SIIA,17
LINE,17
ASCO,17
SIRI,17
ONCE,17
AWAY,17
NICU,17
IPSA,17
OTTI,17
DONT,17
IEEE,17
WASA,17
EDEN,17
UCSD,17
DUKE,17
SPLA,17
DAYS,17
NABE,17
JOBS,17
CEDC,17
CONI,17
DOMA,17
NAMA,17
PBIH,17
FAIL,17
KISS,16
ONLF,16
KTLA,16
WAKE,16
DKNY,16
CIPD,16
IRIN,16
GERD,16
SAND,16
BATS,16
TRUE,16
MALE,16
WSSC,16
MADE,16
BANK,16
DONE,16
LORD,16
ASIC,16
AFFO,16
DTCC,16
NAHT,16
APAC,16
GOMA,16
PAYE,16
TKTS,16
KATV,16
SHOW,16
INTC,16
JETS,16
CBGB,16
CARD,16
TALK,16
NIST,15
NTIA,15
KILL,15
USTA,15
ASCL,15
FCPA,15
SABA,15
DEAD,15
SERE,15
ICTR,15
IRAQ,15
SSRI,15
ATSC,15
CMAI,15
MPRP,15
LIRR,15
IHOP,15
COME,15
KDDI,15
GSCI,15
COST,15
WNBC,15
FEAR,15
UCSF,15
ELCA,15
NCQA,15
HERO,15
XBRL,15
BAKU,15
HEAD,15
MGMT,15
WNET,15
HELL,15
AAAS,15
DIDN,15
SIIC,15
FAST,15
CORE,15
PIRG,15
NSPS,15
KERS,15
WMSC,15
VDOT,15
TASE,15
IEAH,14
ILFC,14
SUCH,14
OPEN,14
HARD,14
NBCU,14
CICA,14
ANWR,14
DATA,14
FPGA,14
ALEX,14
EFSA,14
AAPL,14
PPIP,14
NAHB,14
DIFC,14
NCLB,14
AMDL,14
BALI,14
TECH,14
PCCW,14
BERR,14
STAY,14
NNSA,14
TOUR,14
GOES,14
MOTN,14
ARCA,14
LIST,14
NRSC,14
RICE,14
VICE,14
USAA,14
HFPA,14
ANSI,14
CBBC,13
FILM,13
ACOG,13
OFAC,13
CARB,13
VOSA,13
IMHO,13
GONE,13
SBIR,13
SYNC,13
IRIB,13
FLEC,13
FHLB,13
FIVE,13
WACO,13
ACEA,13
BOCA,13
RMJM,13
ETIM,13
RISK,13
AVIC,13
NSSF,13
ARMY,13
TMVP,13
RSCG,13
MEAT,13
ASEM,13
TEGA,13
MERS,13
IPIC,13
DCMS,13
BBFC,13
LIAR,13
TELL,13
SURE,13
CSIS,13
YHOO,13
HTDS,13
CPRE,12
PAHO,12
CREW,12
AHAB,12
ICSC,12
BEEF,12
GNER,12
PSHE,12
ROVE,12
ATOL,12
MEET,12
EUUS,12
GWAS,12
DEAL,12
ALBA,12
CEVA,12
UNOS,12
OHIO,12
WNYC,12
RAYS,12
PODS,12
EXPO,12
FACE,12
AUUN,12
FIRE,12
WCBS,12
HALF,12
HFCS,12
TERI,12
TNAV,12
NDRC,12
QCOM,12
MPEG,12
SELL,12
EPFR,12
GMAT,12
HOST,12
UFCW,12
DEBT,12
NAIA,12
ASTM,12
DEMS,12
EITC,12
NAPA,12
MOVE,12
PLAN,12
JUBA,12
KFTN,12
SCLC,12
LATE,12
HLTH,12
MBTA,12
LIFG,12
SEPA,12
RFMD,12
ABKN,12
DFID,12
JAYS,12
FHFA,12
MPLS,12
ECMO,12
NFIB,12
UNAU,12
CUBS,12
DCLG,12
IGCC,12
BONN,12
BBPA,12
FOOD,11
FISH,11
JAZZ,11
TENS,11
ACAS,11
ANPR,11
XMRV,11
CGES,11
GABA,11
SSPX,11
WIPO,11
PURE,11
WRAP,11
LBBW,11
AXPN,11
ABTA,11
HMIC,11
MEGA,11
KHAR,11
SAYS,11
LMAO,11
EVIL,11
WALL,11
POST,11
REDS,11
RACE,11
VIAB,11
GFMS,11
UMTS,11
CASE,11
WBBM,11
UPMC,11
SPDR,11
JAXA,11
RATP,11
MMIX,11
HBCU,11
HUME,11
HMCS,11
GPRS,11
MBIN,11
SAID,11
BOYS,11
ECRI,11
HIFU,11
ABMS,11
ICON,11
TGTN,11
AONB,11
WORD,11
IACI,11
SEMA,11
FICC,11
MEAC,11
DAME,11
TIFF,11
CLIA,11
IIHF,11
EMBA,11
RBOB,11
ITEM,11
PENN,11
JNJN,10
BHPB,10
LIES,10
UMBC,10
NERC,10
TASC,10
PJAK,10
MARY,10
ASOS,10
ESTA,10
PAST,10
COPE,10
GORI,10
ELLE,10
SSSI,10
DHSS,10
SOHO,10
DALN,10
KOTB,10
CORP,10
OAKS,10
AWEA,10
GOLF,10
NAVY,10
CRAP,10
NOVA,10
NATS,10
USTR,10
AAPD,10
GVHD,10
RIBA,10
ERIC,10
ISDA,10
BWEA,10
SHAH,10
VEGF,10
UNIX,10
CATN,10
ASML,10
RATE,10
PLAY,10
DVBH,10
WFAN,10
APOE,10
NAIC,10
IFDS,10
VWAP,10
GSPC,10
WAVE,10
KLAS,10
FPFG,10
KCRW,10
RINO,10
TGWU,10
AMRN,10
BDPS,10
BGCA,10
TBWA,10
SABC,10
ISIS,10
ICSI,10
NDTV,10
FLAG,10
PACT,10
URAC,10
CIFG,10
ADSB,10
COLT,10
BFCA,10
ESOP,10
ADEN,10
NIMH,10
CICC,10
PFLP,10
WGBH,9
JTAC,9
JULY,9
BDSM,9
OCMA,9
WRVS,9
DEET,9
GGYC,9
FORM,9
SICK,9
CSCO,9
VISA,9
JOIN,9
ENAC,9
GIRL,9
MISS,9
CFDT,9
HUNT,9
MCDN,9
ISIN,9
SATA,9
DATE,9
METI,9
MIKE,9
CFIA,9
SANS,9
AGOA,9
BRIT,9
SPIN,9
GREY,9
BARC,9
OCTA,9
CUDA,9
IARC,9
IDOL,9
TXNN,9
HMTD,9
NUSA,9
DILI,9
NPHS,9
HDFC,9
SFDA,9
NMHG,9
DSCC,9
CMAG,9
MAIB,9
FOUR,9
NUHW,9
LEAF,9
MAAC,9
CFDA,9
ILEC,9
PECO,9
KNOC,9
WTTG,9
RSPO,9
TRIP,9
MPSV,9
MATV,9
NKTR,9
RICH,9
CIMB,9
ADAC,9
SATC,9
NACA,9
WEEI,9
MAPI,9
IDSA,9
AISI,9
SMIC,9
AXJO,9
CISA,9
STEP,9
STIS,9
BERN,9
KARL,9
SPEC,9
USVI,9
KDKA,9
NCOA,9
GAVI,9
MARC,9
NREL,9
RYAN,9
BLOG,9
SWIP,9
CART,9
WSPA,9
WSFS,9
USED,9
SECC,9
BCBG,9
IZOD,9
AMES,9
DELL,9
CMMI,9
FLIR,8
ASDA,8
TAPI,8
SIMI,8
NCRI,8
EEDA,8
DBOX,8
KETV,8
KITT,8
NFPA,8
SEER,8
LOTS,8
AIAS,8
ROOM,8
SHRM,8
WAMU,8
CCMP,8
NAMM,8
IMRG,8
LINK,8
EURO,8
WPCS,8
CECO,8
JCPN,8
DEEP,8
LUXE,8
TAQA,8
GICS,8
HOLE,8
EFSF,8
FICA,8
ICCN,8
PISA,8
GAIL,8
CUTS,8
DCPS,8
WQED,8
GREG,8
NYPH,8
FOXP,8
ROTH,8
LMTN,8
SSEC,8
SAPA,8
SPSS,8
LIRH,8
KHOU,8
WOLF,8
POOR,8
ORAC,8
WAIT,8
SKSN,8
PSDB,8
AAFP,8
ISBN,8
DCED,8
IVAN,8
CHPA,8
RAIB,8
JPEG,8
CAPS,8
SAIS,8
SPAC,8
CBIZ,8
LEFT,8
WLGA,8
ADTA,8
ATCA,8
JAIL,8
LAND,8
TACA,8
YWCA,8
WOOD,8
GERB,8
NKVD,8
CERP,8
NAME,8
NBPA,8
KPIX,8
SPLC,8
NAPF,8
BOOK,8
UKSA,8
SCEA,8
CGIL,8
FIOS,8
KTRK,8
SINA,8
SIAC,8
NSBA,8
UKUS,8
KTVU,8
DCAL,8
LYON,8
WINE,8
AAFA,8
FIJI,8
DCIS,8
QEII,8
BBYN,8
HSDD,8
WRAL,8
LEAD,8
PJSC,8
EFCC,8
ITEX,8
KCBS,8
MESA,8
TANF,8
EDCI,8
BODY,8
JEFF,8
NJIT,8
AAOS,8
IISS,8
ECDC,8
ESRD,8
PIBS,8
DADT,8
PFOA,8
LDLC,8
ORCL,8
PSAT,8
XXXX,8
KENT,8
FARS,7
WEEE,7
IICD,7
CHAC,7
RSNA,7
ICAO,7
LECG,7
FTCR,7
WCVB,7
FDNY,7
CURE,7
IFAB,7
POGO,7
ERIE,7
XMSR,7
ASAT,7
IFRC,7
CTSV,7
SEAT,7
SLDN,7
SDSU,7
ADFD,7
SPOT,7
WISH,7
SPAM,7
EBRI,7
NTSC,7
NKEN,7
NRCS,7
RIDE,7
BIRD,7
PSIM,7
NOCN,7
CMSA,7
WLAN,7
EBAY,7
UTXN,7
BAYL,7
METN,7
COOL,7
OPIS,7
HOLY,7
VSAT,7
PCOS,7
CUSA,7
CNRS,7
MAST,7
XTAL,7
CIRM,7
VAIO,7
BBKA,7
BOMA,7
VBAC,7
NWDA,7
NOVI,7
MEMC,7
BPXA,7
DARE,7
KNEW,7
CALN,7
RENT,7
OMAP,7
WADL,7
KRAS,7
ROSE,7
SPDC,7
NNOC,7
REST,7
TIDE,7
PEPN,7
VOIP,7
GMUL,7
PBOC,7
KTVT,7
FARO,7
SAGA,7
UKFC,7
TEST,7
UTLA,7
GSCC,7
WBAI,7
WRTV,7
BUPA,7
BILO,7
SONG,7
SNIC,7
NPIA,7
ULFA,7
DRUG,7
BOSS,7
PCMA,7
PADF,7
TVNZ,7
IKON,7
BRAC,7
KNBC,7
IIIA,7
UNCF,7
MIND,7
NYBC,7
WIRE,7
EASY,7
HALL,7
UBSN,7
DDOT,7
GECC,7
APTA,7
TONY,7
NAMI,7
FCIC,7
BOLT,7
COLA,7
SNCB,7
FAKE,7
COPN,7
APEX,7
ENDA,7
NCSL,7
PAID,7
NAEP,7
TWXN,7
DSMV,7
PNAS,7
LOFT,7
NWAN,7
CORD,7
GINA,7
MITS,7
LTIP,7
USMC,7
SNOW,7
QUIT,7
ECHL,7
MMGW,7
CCCS,7
BEAR,7
IRFU,7
WACA,7
NDSU,7
BAND,7
BALL,7
SCAN,7
FSIS,7
APIC,7
FANS,7
LEDE,6
NSTC,6
LBIE,6
LETS,6
IDEO,6
SCAP,6
JPRD,6
ICSA,6
ESOL,6
PFEN,6
FORD,6
DBCP,6
PEER,6
DINP,6
VOCA,6
ESRX,6
ACEP,6
HZDS,6
LIED,6
IBEW,6
DLNA,6
FUEL,6
LACS,6
WCCO,6
CRUZ,6
FEEL,6
XLNX,6
ESRB,6
JOKE,6
IBSC,6
NFUS,6
OREG,6
USUK,6
ABCP,6
MDOT,6
SBCA,6
SHUT,6
ICAD,6
WLIW,6
INXS,6
NFIP,6
NICB,6
CIGS,6
EITF,6
MECA,6
TTPA,6
ACTA,6
NTIC,6
EYFS,6
PAIN,6
ROAD,6
DONG,6
DAMN,6
ALDS,6
SATS,6
KCET,6
RIGA,6
EACH,6
DHEA,6
TOPS,6
KMGH,6
KOMO,6
MESS,6
MEAN,6
GIVF,6
RWJF,6
MIPS,6
RISI,6
SCID,6
PCRM,6
NIOC,6
GETS,6
MMTC,6
AGNC,6
MHSI,6
RIMM,6
HTTP,6
LABA,6
JUMP,6
PTOI,6
KUSA,6
HEMI,6
GEMI,6
SOON,6
IDFA,6
BELL,6
NVCA,6
BIOS,6
WHIP,6
HSUS,6
BJOG,6
SIGN,6
EDTA,6
COFN,6
HOLD,6
WFTV,6
NNPC,6
MDOR,6
CBSN,6
APIA,6
FINE,6
MILE,6
ICIS,6
MOON,6
AIAA,6
HVMS,6
FARM,6
RATA,6
CCRC,6
LCRA,6
DFOB,6
BOND,6
BLTL,6
CVXN,6
HKSE,6
SCOR,6
TOLD,6
SCRA,6
FDLE,6
CITI,6
DMAA,6
NLPC,6
BSNL,6
LLYN,6
RARE,6
DASH,6
TOOK,6
CMEA,6
TNSM,6
AENA,6
EXAR,6
CTCA,6
NABP,6
APHA,6
AIAM,6
GSEE,6
WINT,6
AMIA,6
NEAR,6
HBAN,6
FMCG,6
BEAT,6
UKTV,6
HVTN,6
FDXN,6
ITSM,6
DISN,6
AEZS,6
CBAI,6
UCBH,6
PIRC,6
VDSL,6
JACK,6
HEPA,6
GLEN,6
KCRA,6
TEXT,6
GAIN,6
DROP,6
WHTI,6
PPIC,6
UFDD,6
GAPS,6
GARY,6
PGCE,6
DART,6
GTCW,6
WARS,6
BGAN,6
NBTY,6
NICK,6
IHSS,6
SUSE,6
RCHT,6
KCAL,6
ZANU,6
NEFA,6
TWSE,6
PHLY,6
FIPS,6
FAME,6
HCCA,6
MMBO,6
CRIF,6
BTEC,6
EITI,6
USEC,6
ENDS,6
ECIS,6
PNES,6
RAMS,6
AVMA,6
LOWN,6
SNDY,6
RUSH,6
PART,6
MJFF,6
HIAL,5
MATT,5
ROIC,5
FTTH,5
NASD,5
SEEC,5
SSRB,5
IPPC,5
BBMG,5
LHRH,5
NITE,5
ANTI,5
EPON,5
CMEO,5
FTTP,5
AECL,5
ANFN,5
PUSH,5
STTN,5
PPGI,5
DUMB,5
LATV,5
WHUT,5
ESRF,5
CISR,5
DSLR,5
LXTV,5
SEEN,5
DDOS,5
TKAP,5
BUDN,5
DECA,5
LNTF,5
ICAC,5
AZNL,5
RTVE,5
EERA,5
CGAP,5
HASN,5
HIGN,5
COTS,5
CTBT,5
BRAF,5
RISE,5
REME,5
SEGA,5
WKRG,5
DICE,5
JLTV,5
AIFM,5
AAMC,5
BBIN,5
CODE,5
EIHI,5
MASS,5
MVNO,5
ISPA,5
NFLX,5
RAMC,5
UCAS,5
MRGO,5
HCAS,5
CITN,5
SECA,5
PZPN,5
BCBS,5
JENA,5
NPFS,5
RIPA,5
SPQR,5
GAPP,5
CFCN,5
NCDC,5
LOSE,5
ACSM,5
FSCP,5
WYEN,5
SUEZ,5
PFRA,5
ICFR,5
GSXR,5
JURY,5
CPRS,5
GURU,5
FTEU,5
DMSP,5
ANEC,5
NOMS,5
SDAC,5
NVRA,5
DSCA,5
CLUE,5
RCAF,5
SIEM,5
DEHP,5
SUVA,5
TIGR,5
NPAF,5
PIPE,5
TSAT,5
PDIP,5
GNPC,5
FNMA,5
NBGH,5
PHEV,5
AKQA,5
KLSX,5
MMPA,5
TEAC,5
ISTC,5
SWIA,5
AHCA,5
TOMS,5
DGCX,5
ESFS,5
AMIN,5
TWCN,5
IRRI,5
SLBN,5
CRTC,5
MARS,5
WKMG,5
GUYS,5
RMHC,5
ACPT,5
RCOG,5
PPDS,5
SSPC,5
DANA,5
PAGE,5
HTIL,5
BIDU,5
JAVA,5
ATML,5
WNDM,5
ETSU,5
ATSB,5
EXIT,5
PRTC,5
AIBA,5
WCRF,5
MHPN,5
IDRI,5
LINC,5
SRBI,5
DRIP,5
HIRE,5
MITT,5
EDAC,5
ECGD,5
IGEN,5
NSDQ,5
PIGS,5
WASH,5
JSOC,5
HGSI,5
LTCM,5
MBDA,5
FALL,5
DUDE,5
KATY,5
IMDB,5
AACR,5
MSRB,5
MILK,5
GOSS,5
PINK,5
TIXS,5
POLL,5
AMBI,5
HOAX,5
USAR,5
ARCO,5
LVAD,5
CCEA,5
EKOS,5
DIRT,5
KABC,5
TERP,5
BNFL,5
CABG,5
LEAP,5
ICES,5
PSRC,5
BLKN,5
WBTV,5
OLAP,5
WICB,5
SNPL,5
LUIS,5
TURN,5
ENOC,5
LAWA,5
ABPI,5
DCFS,5
NEST,5
ASBO,5
PARC,5
JUNE,5
DEXA,5
UMKC,5
TORM,5
NCRA,5
COLD,5
WAGS,5
NBCC,5
AMFA,5
DNAN,5
BORN,5
CLUB,5
NEIL,5
POTS,5
TATA,5
ADCS,5
YPFB,5
HCCI,5
SELF,5
ISTA,5
OURS,5
TIVO,5
IBEX,5
VMWN,5
NDMS,5
FWIW,5
SRES,5
ROLL,5
CRTX,5
MBPA,5
NPSA,5
PBDE,5
WWDC,5
RGGI,5
GARP,5
EPAD,5
WGCL,5
CNPA,5
IRON,5
WOZA,5
HOLS,5
EMCN,5
WNCG,5
ASUS,5
LOME,5
MONN,5
ICCA,5
HRPC,5
CTIC,5
MSLO,5
KIRO,5
FSBI,5
WPIX,5
GATX,5
VICP,5
CHAP,5
METC,5
SNCC,5
SEEM,5
FEES,5
FPTP,5
CALM,5
AMIS,5
ECMC,5
MILL,5
ENDP,5
CRII,5
TIPP,5
SABL,5
VIVA,5
NWTF,5
BSML,5
SDHC,5
NTEU,5
VNUS,5
BEUC,5
HGUE,4
ADAM,4
MUTV,4
ENVI,4
PPMD,4
CNQR,4
FORK,4
SUNS,4
NICS,4
JCVD,4
TRNC,4
SWAC,4
IMRT,4
SHEA,4
KPHO,4
GOME,4
CASM,4
KATE,4
KEEN,4
HSMP,4
PIPA,4
DEWA,4
USOF,4
YEAH,4
ABEC,4
FESE,4
SNPS,4
OVAB,4
WAGN,4
SHIP,4
COGS,4
ETSI,4
ICOP,4
KCTU,4
UTMB,4
BPCE,4
HEAR,4
BOOM,4
SNDK,4
ANSF,4
NSHR,4
ALOT,4
WEAK,4
CISL,4
ABLE,4
DIED,4
HRBN,4
EURM,4
DFIS,4
PATS,4
SETS,4
TREE,4
MICH,4
DSHS,4
FOGL,4
SHAC,4
CPFF,4
PDCF,4
DUKN,4
PRUL,4
MCUI,4
KAWS,4
ANDA,4
AACC,4
KTUU,4
CATS,4
PSHG,4
FNMP,4
STTR,4
FNAC,4
UTHR,4
IMMI,4
SONY,4
ESPC,4
VAUL,4
RAMP,4
EARN,4
CESR,4
IVUS,4
UMPG,4
BFDS,4
OTEC,4
HDPE,4
SCUM,4
IBEC,4
CFIF,4
EPRI,4
TMAN,4
PTEN,4
DNOI,4
INAO,4
ALFA,4
CIDP,4
ORNL,4
ENDO,4
CNAC,4
LANG,4
PCTV,4
LOUD,4
NASN,4
HCRY,4
ITAR,4
IREM,4
KPTV,4
ADCB,4
FFSA,4
CCNA,4
UANI,4
ASCI,4
GOCE,4
HUYA,4
KVHI,4
CAGW,4
CAME,4
LAWS,4
BABY,4
BOLD,4
CAAM,4
CTSH,4
CHAD,4
DJII,4
NTPC,4
PLCB,4
IAVA,4
USSA,4
CMEN,4
METS,4
ATVI,4
KIND,4
DARK,4
STFU,4
JISC,4
HRSA,4
RTHK,4
DPSN,4
OLMS,4
ITCZ,4
BLIS,4
COIN,4
INSI,4
LACA,4
AQMI,4
WENT,4
HAND,4
MUSC,4
RUTH,4
FBOP,4
STOC,4
BAYH,4
SOLO,4
CTCL,4
DECE,4
NLCI,4
ARRS,4
BBBC,4
MUSE,4
OFDA,4
TRAI,4
NYRA,4
WIPP,4
ILRI,4
GTCS,4
ANTM,4
CODI,4
AWRT,4
VINA,4
KQED,4
CCEN,4
TWIC,4
AECO,4
ITIL,4
NCUA,4
UNAM,4
COOK,4
ICBS,4
NYPL,4
MAOI,4
LISA,4
DNDO,4
RAZR,4
CBSA,4
MOPS,4
IIFA,4
GOTV,4
WRNS,4
WBMD,4
ASPI,4
SULA,4
TSEM,4
WTHR,4
AREN,4
PNCN,4
SCCA,4
OVTI,4
CERF,4
ATOC,4
PTEC,4
WIMP,4
PSPN,4
JPAC,4
ICCR,4
KPRC,4
SLED,4
MCEV,4
AUTO,4
NTRS,4
PWSA,4
IPGL,4
LCDU,4
DCRA,4
EBSA,4
EGEN,4
IWMI,4
JTTF,4
JDRF,4
AZUR,4
FIRB,4
MIXX,4
NACS,4
ICMI,4
GPSN,4
CYPC,4
ITAL,4
OCLR,4
ACIP,4
DEPS,4
JSAT,4
NASP,4
HONN,4
WAYS,4
NCAP,4
MRKN,4
WHNT,4
RTOG,4
ALAN,4
GWEC,4
CLIO,4
CMDB,4
ZLCN,4
JCHR,4
YRCW,4
TCAD,4
SEBI,4
AMDN,4
HSSV,4
SSAT,4
EFCA,4
FUND,4
MAIN,4
NGSX,4
PICK,4
EXAM,4
MEPS,4
HOSA,4
MSMS,4
USAP,4
ABTS,4
IHHI,4
RNVR,4
BECU,4
ACBL,4
BETH,4
USIS,4
DUSA,4
MGMA,4
KTVB,4
NALC,4
DIEP,4
SEED,4
ISSI,4
FIFO,4
LIPA,4
BARE,4
KOCO,4
SDXC,4
ARBA,4
DISA,4
MMMN,4
LUVN,4
CSSS,4
NESV,4
RHIC,4
CCGI,4
RIOL,4
DVLL,4
SAKE,4
VHGI,4
TRAC,4
JANA,4
JBLU,4
MDAX,4
QFII,4
DFSA,4
BOWL,4
NYXN,4
JALC,4
NRKL,4
DCNR,4
GEMS,4
USFL,4
SCDI,4
NERD,4
LCCN,4
PAYG,4
MTAS,4
WJBK,4
MYSA,4
CVRD,4
KCNC,4
OMAX,4
AGMA,4
MIRA,4
TODD,4
IFAD,4
HOUR,4
ACES,4
ADDS,4
ASUR,4
JATO,4
SENT,4
WESH,4
GIMP,4
FARE,4
WTVD,4
FIDM,4
SHOE,4
HSSD,4
AKAM,4
WARM,4
CAMI,4
UICC,4
CCHR,4
KONE,4
SNWL,4
RICI,4
ATBA,4
WIFE,4
HANK,4
MINE,4
PSUV,4
HVCC,4
IFSA,4
TIES,4
PFOS,4
NIAC,4
GSCG,4
YALA,4
TBTF,4
LEAN,4
DBRS,4
HAWX,4
NUKU,4
JWNN,4
UPON,4
HNTB,4
VLAN,4
UCSB,4
UAUA,4
NASS,4
ITUC,4
BRDC,4
HMAS,4
FACS,4
ROSA,4
MOTO,4
NBPP,4
SAIL,4
CABE,4
ADSK,4
NNUH,4
QCDA,4
NZRU,4
MIMO,4
DODD,4
LLRW,4
ITIS,4
XOOM,4
CSBG,4
WDIV,4
RISD,4
SFCA,4
LBMA,4
NCIC,4
MNFI,4
WONT,4
EFJI,4
MACH,4
IIED,4
FTIR,4
EODT,4
NVAX,4
ILOG,4
CVSN,4
RNID,4
KSSN,4
GLAD,4
MLAS,4
WMAP,4
AMEC,4
SIAL,4
MCPS,4
POCA,4
BASH,4
IARA,4
WFMI,4
AMID,4
XCOR,4
AIGA,4
NEJM,4
USBN,4
ECFA,4
SOUL,4
BCRI,4
ADSV,4
TASI,4
CONS,4
CIDI,4
MICR,4
ROTR,4
HAFA,3
ZONE,3
XXII,3
PKWY,3
AVMT,3
LAFF,3
CHCF,3
CPEX,3
MACS,3
CPAG,3
NVIC,3
POPE,3
APSA,3
JBOD,3
IFRI,3
SOSA,3
ACSI,3
RAFT,3
AMAP,3
IPFW,3
CYDE,3
RAAD,3
CWLA,3
CBRA,3
BATH,3
FRES,3
TIEA,3
YTEC,3
SWOT,3
SAPÃ,3
PSPV,3
TOGS,3
ATEC,3
LUKA,3
SLAC,3
DMRC,3
CEST,3
ETNZ,3
MAYS,3
SITS,3
HALO,3
YAAM,3
SAGD,3
RPCL,3
FFEL,3
RADA,3
INCB,3
KFMB,3
CCUR,3
PAOK,3
SCNA,3
ONYX,3
NSCS,3
GMMB,3
HCAN,3
ACKC,3
IESE,3
UNMO,3
SENS,3
HBOT,3
FREP,3
SLPP,3
CDIC,3
MIDI,3
HOGN,3
YALE,3
BASI,3
SEAS,3
OTEX,3
MCAD,3
MATN,3
NMFS,3
BMIS,3
LAMB,3
MIIT,3
BARI,3
RATM,3
SAGE,3
CORT,3
FITB,3
MONT,3
JANE,3
SUNW,3
VLON,3
IREX,3
IABC,3
NACE,3
ENAP,3
MTPD,3
KRLA,3
CBRC,3
HCMN,3
BMSN,3
PBGN,3
IAPP,3
PUNE,3
STAN,3
PMML,3
MMRP,3
CIWF,3
IPAA,3
CERT,3
SAIF,3
YRBS,3
AOPA,3
CRED,3
UTAH,3
JADE,3
CHLI,3
DCAA,3
KOTV,3
WAYN,3
PAME,3
TIAA,3
GWMH,3
BITS,3
FASD,3
WFDA,3
EBDI,3
HSTI,3
ATMS,3
GOSL,3
GALA,3
SBRT,3
HICL,3
AMGN,3
FFKT,3
QVGA,3
DOHC,3
HUAC,3
FOSE,3
NMXN,3
IHEC,3
BDNF,3
SMOS,3
FOOL,3
BAAF,3
MEDQ,3
IPCM,3
SONS,3
DGHP,3
TFAH,3
OOTC,3
ARPS,3
MOSI,3
ASBL,3
BULL,3
ANNC,3
NHMA,3
USBI,3
KITS,3
FUNN,3
MEED,3
ITMN,3
DSIT,3
REDC,3
NCSA,3
WNYW,3
KXLY,3
NUDE,3
PICC,3
DMAN,3
JDAM,3
NMHC,3
BUCK,3
TWIN,3
VORP,3
UTSA,3
ASPH,3
ACCC,3
KOTO,3
EEBC,3
JADA,3
GANG,3
POOL,3
HMPS,3
ELVS,3
AUDF,3
TIBC,3
EMDA,3
EGCG,3
JCVI,3
WFES,3
PPBG,3
CHAT,3
CSRC,3
SPBU,3
ADMS,3
MOAP,3
NEWP,3
LENO,3
BACT,3
LADY,3
RILA,3
SIDE,3
QDDR,3
ALEC,3
IDIQ,3
BLET,3
CNDD,3
NHPC,3
HTLV,3
DENY,3
ASTA,3
SUIT,3
LDPR,3
MUFJ,3
NDFB,3
SARU,3
JEWS,3
ACEH,3
NBDL,3
MAYO,3
PERC,3
SBYO,3
WEIR,3
ISAE,3
NCIB,3
ANDS,3
LIGO,3
DUST,3
EMAS,3
DALE,3
AIMX,3
HMAP,3
DSCN,3
NOPA,3
MAMA,3
ASME,3
FTEV,3
PBCC,3
CASS,3
LANE,3
GRID,3
SCAD,3
GNSS,3
GROW,3
BBIB,3
OKAY,3
KHDA,3
LLOY,3
SSTL,3
KXAN,3
SACP,3
PETE,3
TCEQ,3
AABB,3
MUNI,3
IRAM,3
AJWS,3
EHIC,3
FLOW,3
REMS,3
SPAB,3
OPLC,3
PSTN,3
CNEV,3
SPMU,3
CATO,3
HCSC,3
GLWN,3
BFSR,3
CRPF,3
CCOO,3
SITA,3
GWAA,3
WITS,3
COMV,3
ARMS,3
EESA,3
LXRX,3
TERM,3
SOFT,3
NSTI,3
PSOE,3
RTRL,3
SOCO,3
BOWE,3
DADS,3
PHIX,3
ERTS,3
ARTE,3
FATF,3
PLAC,3
BOAC,3
SAHD,3
KVVU,3
AFIC,3
ETNN,3
BFLP,3
BSGI,3
POET,3
LDSR,3
MVSU,3
VSTA,3
DIBC,3
NCAR,3
PGAD,3
IGAD,3
VICK,3
CCXR,3
IMAP,3
UNIT,3
CADC,3
AREA,3
JWST,3
SKYW,3
DZBB,3
USSS,3
APRA,3
JCOM,3
USCA,3
MYTH,3
MEDS,3
TSLP,3
DIME,3
CETV,3
WPGC,3
OVEC,3
MRTV,3
LNET,3
ALGT,3
IMAT,3
EARL,3
LASP,3
FLEX,3
TRIS,3
RCGP,3
AZEK,3
PALS,3
EWTD,3
HARP,3
ECHO,3
CEOS,3
GTMO,3
ABSA,3
MDCT,3
TENN,3
VOLC,3
IAPV,3
NACR,3
CRWE,3
HDFS,3
CANT,3
NTPP,3
EXFO,3
CFNC,3
KEZI,3
SADS,3
PQRI,3
WFED,3
EQII,3
TITV,3
AECC,3
AICR,3
ONES,3
WJEC,3
ACMG,3
PDSG,3
ANSO,3
DTCM,3
ACLI,3
KIRK,3
MPPI,3
BILD,3
PUCO,3
NAPS,3
BNET,3
EIAG,3
ABFF,3
COGE,3
RAAF,3
CSPL,3
DIUS,3
SPFW,3
CSIP,3
PROP,3
CCNI,3
AVAC,3
EAAF,3
INOC,3
KXTV,3
AEOS,3
ACCE,3
ADUG,3
WFOR,3
KCCI,3
GAIM,3
NFER,3
TABC,3
WTSP,3
WSVN,3
MANE,3
ROAE,3
INSO,3
SLAB,3
CAEN,3
HAWK,3
WFSB,3
AAEI,3
OARS,3
MTBE,3
RSTA,3
CPWL,3
MSII,3
BGPN,3
CCIA,3
AADB,3
FAMM,3
TOLN,3
IBSA,3
ICTU,3
EAFE,3
XHUA,3
SHAW,3
CTIS,3
BOPD,3
SFSG,3
ASIA,3
MPTF,3
IVIG,3
REAP,3
UPRG,3
LOMA,3
SOXX,3
TASR,3
BBNP,3
CAPA,3
WSTS,3
THUG,3
RULE,3
SSMC,3
TSTT,3
SOKO,3
JTRS,3
NCTA,3
RSGN,3
AUDI,3
IBGE,3
BENS,3
CYPD,3
ARIZ,3
EMOI,3
INRA,3
VERO,3
TASK,3
SWIR,3
TVBS,3
TABS,3
BURN,3
ISAC,3
BMYN,3
TPLF,3
SUAI,3
COMT,3
ODNI,3
GIBA,3
ENOE,3
SDLT,3
FXEN,3
ARAY,3
KPCC,3
EDAF,3
DMCG,3
ADDF,3
ISON,3
DRDO,3
HHDL,3
ITER,3
KTVA,3
TSCP,3
LTDN,3
OAAA,3
ACCS,3
IRGR,3
MRQE,3
SORT,3
HSYN,3
AFIT,3
NETS,3
KFWB,3
WHDH,3
CLEC,3
JDEM,3
GPON,3
GMPA,3
INFO,3
LVAS,3
BSSF,3
APCO,3
ALLL,3
IIIB,3
VDSI,3
MMLP,3
BIBF,3
NCCC,3
FRED,3
NOID,3
SOIL,3
HOLC,3
ATFA,3
BOGO,3
LAWN,3
GDNF,3
CORN,3
BSAA,3
WPEC,3
FETA,3
JUNK,3
JDSU,3
TDAM,3
MEJA,3
LSTA,3
INEA,3
OXXO,3
WBAL,3
BOMB,3
UMGD,3
NINE,3
CAOL,3
HDAC,3
DCCI,3
POND,3
JERK,3
FIDE,3
AEON,3
BPCM,3
EBIF,3
SIBL,3
ARIA,3
ODST,3
OKSB,3
GNAX,3
NOLA,3
NINA,3
HNBA,3
DJSI,3
IDTI,3
ARON,3
WARN,3
PCSN,3
DCNS,3
LEVS,3
KNVB,3
IRAS,3
ESPA,3
ICEA,3
IESA,3
ONQI,3
OPEX,3
SING,3
LEAA,3
WSNA,3
CUNA,3
GLCC,3
OCRF,3
IODA,3
BKSH,3
VALE,3
CCMC,3
ASIS,3
GIPS,3
JCCC,3
SALE,3
ENDV,3
FATE,3
AIBO,3
GSAM,3
JCRA,3
FUZE,3
ISYS,3
PEEK,3
PITY,3
VIBE,3
DGLY,3
MGUS,3
ISRI,3
CIRG,3
ALLN,3
SCAR,3
LANA,3
PPDA,3
CANF,3
WTAE,3
MCSE,3
AVID,3
YPDP,3
SLBM,3
DCIP,3
TIGA,3
TRYX,3
NYHA,3
YELL,3
ESPY,3
AMCF,3
RTOS,3
CVCN,3
WLPN,3
EPIX,3
CAFÉ,3
GULF,3
PIAF,3
JAYZ,3
CVSA,3
FBCM,3
SSBN,3
CHAM,3
RSNO,3
DSCH,3
CINV,3
MOMA,3
VEVO,3
VBFP,3
MGMN,3
RICK,3
WDCW,3
WASN,3
IDDY,3
KSEE,3
PORK,3
LSCD,3
BACA,3
NAEA,3
ANNE,3
ESCO,3
WARF,3
FSNI,3
SPSA,3
BSYL,3
FACC,3
ALDE,3
SCMM,3
MMRV,3
MATH,3
AQMD,3
THRU,3
MTSU,3
AWAS,3
ZESN,3
NESN,3
KMPG,3
HYPE,3
WPVI,3
DCRI,3
ANDY,3
USCM,3
BASC,3
BPSD,3
FAAN,3
RART,3
SAPS,3
SFSF,3
EASI,3
NFRN,3
CSUN,3
MONA,3
MTNL,3
TPBS,3
KERO,3
ABAE,3
HAVA,3
NAZI,3
OJSC,3
FERS,3
OIOS,3
CCPR,3
UFCU,3
NOAH,3
KRQE,3
PRPL,3
CARP,3
SICO,3
OMMA,3
KOAT,3
HULU,3
KAOS,3
AGRA,3
PLLC,3
LTRO,3
EFSS,3
MAPP,3
DESC,3
GTSI,3
ICBA,3
ICOS,3
NOME,3
SUWA,3
KTHV,3
WIND,3
KAEC,3
HUGO,3
ESLC,3
ACGT,3
QALY,3
TPAO,3
PASN,3
OPTC,3
KAVO,3
ESRC,3
CNAS,3
BUAV,3
CLIC,3
FSSA,3
HRLY,3
NTAV,3
IBHS,3
LBHI,3
NMSU,3
CCHQ,3
EBDT,3
NIPR,3
SAMA,3
RAPS,3
TORY,3
NBAC,3
WSMN,3
SWSI,3
WPAS,3
NARA,3
NCLR,3
MSIL,3
CIVC,3
ADMC,3
NCPC,3
TAXI,3
DERM,3
GNMA,3
CDRH,3
AMPK,3
LVSN,3
HECM,3
ASPS,3
NABJ,3
DOAS,3
JILL,3
CPSI,3
PIRA,3
NELP,3
WAIS,3
SCRI,3
EBRU,3
KMOV,3
DIAS,3
SDKU,3
CLRO,3
FOOT,3
NEMA,3
KLRI,3
EPOC,3
NWAS,3
HDLV,3
DSRL,3
SEND,3
PIFF,3
FAUX,3
NIWA,3
GRCB,3
OSTK,3
LMDC,3
BWTC,3
CNES,3
PAYS,3
ARRC,3
ASRM,3
KITV,3
TAPS,3
WCWJ,3
RTNN,2
EUMM,2
MPLM,2
CCGT,2
WLBC,2
CGRO,2
CANL,2
FMTO,2
WAFA,2
ZLHR,2
RING,2
GSOL,2
MXBN,2
RDWR,2
KOVR,2
USIN,2
CBLB,2
RHTN,2
HRTE,2
ALPS,2
GEHR,2
IPSL,2
MTOL,2
SOIV,2
ASBM,2
EDSN,2
SAKS,2
JEBA,2
ICSE,2
CAKE,2
CARY,2
BAAA,2
RIIA,2
MANS,2
GPCR,2
DMEA,2
WIBC,2
MACP,2
IRMS,2
DOOM,2
ASSP,2
GSBC,2
HFMD,2
INET,2
ABCD,2
GPSI,2
WAGE,2
WTVM,2
MAOA,2
DCGN,2
EEAS,2
PNAA,2
IUDA,2
RNWK,2
TALX,2
CIRT,2
EVIC,2
SYNA,2
DRSG,2
EFSI,2
DCDC,2
NECA,2
PBGL,2
FEDS,2
PUTS,2
AACD,2
DPPA,2
KBHN,2
ACAP,2
DDMI,2
NLGN,2
DTVO,2
PRES,2
BARR,2
AESC,2
BOUT,2
FISD,2
FXCM,2
SPSE,2
SHOP,2
WDCS,2
LNCN,2
PCCC,2
GEHL,2
CRMN,2
UMAG,2
CHSE,2
COVE,2
OPSM,2
ARGL,2
SSGT,2
JEJU,2
BUNK,2
OHRI,2
FADS,2
GYMB,2
GRAS,2
DIVX,2
OILC,2
CIOT,2
TUMA,2
UBML,2
MNLU,2
USSE,2
SAMH,2
MAKS,2
ACSH,2
CDPC,2
PAUH,2
CIAC,2
NBIX,2
ODPN,2
BIGN,2
VCTA,2
WHOM,2
CECE,2
APMA,2
FANY,2
DIET,2
INFC,2
AISC,2
BOLI,2
AMTA,2
MCHA,2
TRPM,2
GWOT,2
FSLN,2
KOCH,2
CEMA,2
SION,2
BIID,2
CMCC,2
NCFE,2
ESCA,2
SOCI,2
AMAC,2
XTRA,2
HELD,2
IAOP,2
LIOX,2
FITS,2
CEWD,2
JPRA,2
COMP,2
ISLA,2
CYPB,2
GLBC,2
IDEM,2
CRGT,2
MRVL,2
SADD,2
LTCG,2
JCCT,2
DCTH,2
ESPO,2
GVSS,2
PHIL,2
DGAC,2
IFGX,2
ICOC,2
GRPR,2
LOJN,2
UPVC,2
NWSA,2
MDTF,2
DAZL,2
MIAP,2
ICRW,2
KREM,2
JLWA,2
RODM,2
DUMP,2
AEIS,2
CSTR,2
RASC,2
USBL,2
DINO,2
WCPB,2
WAAS,2
NUKP,2
ECCC,2
SCTE,2
LWOW,2
AGPS,2
CRPD,2
DECT,2
NEDS,2
NIHD,2
USEU,2
RISS,2
BOOT,2
VDIM,2
ECAT,2
MMOG,2
ODOR,2
FTTC,2
MDJT,2
WWON,2
MACD,2
AMSA,2
PITT,2
WYNN,2
CBOS,2
NUYS,2
CIAA,2
FEET,2
CPSS,2
OSTM,2
MEHR,2
AHIC,2
FOBT,2
AEHR,2
GISS,2
KANO,2
AAMI,2
NDLO,2
SAML,2
ONFC,2
PMAC,2
WMIK,2
ZINO,2
YSCC,2
IOOF,2
SPAY,2
NCEP,2
WOFL,2
GAGA,2
MPSA,2
TECP,2
IRWA,2
RUNS,2
LIAM,2
KCTS,2
HUVL,2
NMRX,2
YAWN,2
GORA,2
MAHN,2
FSTE,2
GLEE,2
LSED,2
HMSA,2
WSMV,2
CSAS,2
CABP,2
CRPS,2
MDAA,2
JPMA,2
PAIR,2
UCMJ,2
BLDP,2
DMDD,2
CORR,2
IQQA,2
SSTP,2
GOLL,2
DVIN,2
ATEN,2
TEEN,2
KOHR,2
UFAP,2
DMJM,2
CCAA,2
BMGA,2
CCMS,2
KPAX,2
INGG,2
RUSI,2
QPCR,2
KHOC,2
WTNT,2
GOIL,2
PMSS,2
NFSP,2
BBDC,2
MEMO,2
NIEC,2
HPRA,2
FIWI,2
CTWS,2
AAHP,2
SRNA,2
FMCT,2
CLTS,2
GILT,2
HITS,2
GWPF,2
PISF,2
NAPE,2
CPHD,2
GSKL,2
MKSL,2
CAVI,2
MCCA,2
EFRA,2
EWEA,2
FIAC,2
EPGA,2
VTTI,2
DSCR,2
MPAR,2
RBBP,2
WALK,2
TINY,2
CHOP,2
AAFS,2
BUTT,2
VODN,2
PBPC,2
BFBS,2
AAPH,2
NIXA,2
USON,2
OSNA,2
NUVA,2
USPA,2
ZENH,2
BLSA,2
TNXI,2
EIFF,2
FELA,2
AWRI,2
XSSD,2
ITVS,2
NCSC,2
KWTX,2
KOKH,2
JUDY,2
OFDM,2
MICE,2
CIBT,2
FHWA,2
EGAT,2
GARL,2
TRPV,2
MSSB,2
DITA,2
CSTS,2
IRIS,2
KCPL,2
PRXL,2
CHRS,2
SMHI,2
BONO,2
JSSY,2
LODI,2
VVMF,2
TAPE,2
IOPS,2
STUC,2
WHEC,2
KNXV,2
FETV,2
BASS,2
WTVQ,2
OREX,2
CSTE,2
TAMM,2
DOSS,2
DPIC,2
ARCH,2
ECML,2
CMAX,2
IAAT,2
KXAS,2
LEDC,2
NAPW,2
KCDL,2
DVBT,2
USBA,2
SORL,2
GOAT,2
HPLC,2
LBFR,2
DVDO,2
TAIZ,2
EWRT,2
OMCL,2
CIRA,2
RIRA,2
LGPS,2
IONA,2
ACTL,2
LCDP,2
ASPE,2
PNNL,2
APAP,2
FLSA,2
COKE,2
WEED,2
AFIB,2
SNJO,2
FILE,2
CAHN,2
IFLG,2
CCFA,2
AGAP,2
TIFN,2
CORK,2
ISLE,2
PLCM,2
SBCF,2
PCGN,2
APPF,2
PEAK,2
LDOS,2
LIFT,2
CBRN,2
LEEB,2
HMGA,2
DOTS,2
TSNN,2
CMBX,2
LDCM,2
CMEV,2
MBJS,2
MTPA,2
KTTV,2
BETT,2
ELON,2
AETN,2
REDI,2
PERS,2
TPAF,2
MMXI,2
NAAC,2
FWPD,2
MIMA,2
HMMM,2
TJXN,2
CHAR,2
BIBA,2
LCIA,2
KAMN,2
SIRF,2
AEOI,2
MIMI,2
SCAM,2
SLTM,2
CSSV,2
SBGI,2
SBSA,2
EFMR,2
AFLP,2
RADD,2
IADB,2
NTRA,2
BRAD,2
ABFS,2
UAEU,2
NOOR,2
DIAZ,2
GAEA,2
OMFG,2
GPDA,2
NRST,2
WLGC,2
PTPA,2
HFRS,2
ISRA,2
WHDI,2
BENT,2
SPHR,2
AALL,2
BYOB,2
GOSH,2
PMTI,2
NITB,2
ILWA,2
NVDA,2
LOWE,2
ICBT,2
IFRD,2
DRWF,2
OXON,2
HUBG,2
FQHC,2
DADC,2
PREP,2
SARL,2
WIDE,2
SRDP,2
KAYE,2
INEC,2
NBFA,2
TWTC,2
LOSS,2
HVDC,2
AASB,2
KDLM,2
SNMP,2
MPTC,2
FONA,2
OCME,2
STEC,2
WLRA,2
NBCF,2
UNPN,2
ASNE,2
KDVR,2
ASCP,2
XOMA,2
KEDO,2
DFMO,2
LOON,2
RWAS,2
RAAS,2
ECMA,2
RFET,2
CSGP,2
PADD,2
ROAA,2
HCKE,2
GATA,2
SWOP,2
BETC,2
AURA,2
TLBB,2
RAIN,2
KARA,2
FIAP,2
KSBY,2
NPTA,2
PSDF,2
AIEF,2
WBBR,2
SPUC,2
QXMC,2
AERC,2
MAXX,2
BLUF,2
LLNL,2
RVIA,2
IMFC,2
WVTM,2
AAPC,2
RBRM,2
DCLI,2
SARA,2
SSGN,2
HURT,2
MCBL,2
RIFF,2
QSGI,2
HERS,2
NNDS,2
STIN,2
CHOW,2
NEAT,2
NASR,2
NECC,2
CPIM,2
DFLP,2
CHEK,2
SOFO,2
CIFA,2
WWEN,2
DPMH,2
LAZN,2
HISD,2
ZHAO,2
BUZZ,2
HRIS,2
ADNI,2
GONG,2
ECLN,2
RBDA,2
IBWC,2
NOON,2
JORC,2
HHRD,2
KSNW,2
BRNO,2
RJSM,2
NPBC,2
CPIE,2
DSGI,2
TOYS,2
SFCG,2
HVCP,2
ODIN,2
CBAK,2
CHEE,2
CTRL,2
HDTS,2
NEDO,2
VOLT,2
GISP,2
CABI,2
SMSC,2
TLAB,2
CMEC,2
PRUN,2
CCAP,2
TSON,2
MTSC,2
GLRU,2
NVLS,2
AMEN,2
WLII,2
RBGE,2
LCFS,2
HRSD,2
FUQI,2
WGAE,2
CSNY,2
EONE,2
KEPT,2
POSH,2
HOLX,2
GLBA,2
EXPE,2
AMXN,2
CCFL,2
TPRF,2
NTCD,2
USCG,2
SACK,2
CNNU,2
MEEI,2
TULF,2
WBIR,2
NBBS,2
NMLS,2
NVVA,2
ROST,2
KARK,2
TAPP,2
CCSP,2
SWVL,2
CNIC,2
MPTP,2
MEES,2
GRAB,2
MOGC,2
TSDB,2
IDGA,2
KPTM,2
RDSA,2
APCN,2
JAWS,2
RSDB,2
KCDC,2
CAYE,2
EUSA,2
ADVS,2
CDOC,2
BTMU,2
VRAE,2
LEVI,2
SEAN,2
REGN,2
JBIC,2
GRAM,2
GSCE,2
MPWR,2
SHAQ,2
ROSS,2
FELL,2
XRXN,2
ICTI,2
MSHC,2
IRLI,2
HIPC,2
TLGP,2
ETTV,2
KFRS,2
CPIC,2
MSRC,2
TGEE,2
RTKL,2
BCRX,2
RAGE,2
JMFA,2
WNDC,2
MSCC,2
FANA,2
MURS,2
PTEK,2
MSDF,2
PGGM,2
OMON,2
ENSG,2
WXYZ,2
DJAM,2
ESBL,2
CCBN,2
BEJI,2
ZAIN,2
BLFS,2
URBN,2
UCSC,2
NEBS,2
FCXN,2
DRTV,2
HANY,2
LUGE,2
PCCD,2
EPIA,2
CLCV,2
AMLN,2
AIMS,2
MSYS,2
SAST,2
ACGA,2
ACRI,2
SDAM,2
FIVB,2
DIAM,2
QNAP,2
NVTN,2
OOIL,2
NYON,2
HIPS,2
SFDN,2
HTGC,2
BBCI,2
EMOP,2
CMYK,2
MOWB,2
SMBG,2
CWEL,2
GAWD,2
RMIX,2
SOTP,2
TDRS,2
HAIR,2
BNSC,2
WFSC,2
IEHP,2
CHSW,2
ASRC,2
VIVE,2
BANG,2
ARAB,2
CNNC,2
DNCG,2
ASOC,2
SBDC,2
UOAA,2
AFCS,2
NYAG,2
SNBI,2
AGMG,2
AGMD,2
PDGE,2
GHSA,2
VHDL,2
LUSA,2
PINE,2
CPUC,2
MRTB,2
WSGI,2
GCUK,2
ESPE,2
GMNA,2
WTIA,2
FIRM,2
NLBM,2
FCEA,2
SPNG,2
PAIS,2
SWAP,2
IFOP,2
SOGA,2
HMIE,2
GMGL,2
ELFA,2
CVCA,2
HVAD,2
KFTC,2
CACC,2
CHUM,2
SABB,2
NCSU,2
HBSS,2
NYMT,2
CTXS,2
FIAT,2
HAUS,2
PAYD,2
CANB,2
BHRT,2
WBLI,2
BRIA,2
JNPR,2
NRAM,2
DIMM,2
MCAS,2
OWNS,2
SMAS,2
NLSI,2
INDU,2
CODA,2
AMHP,2
IZZE,2
ENEL,2
NCDT,2
LGIM,2
HNZN,2
TEOJ,2
UTMA,2
DOCG,2
SIPP,2
ABVS,2
CHNC,2
VSLA,2
RFED,2
PRMA,2
IPGA,2
CFSA,2
LDAP,2
MCCI,2
ETEC,2
DCFD,2
NCPD,2
WNCT,2
TAME,2
CSDL,2
MSSD,2
RASM,2
AGEM,2
IDEX,2
NJPA,2
SHBG,2
PINS,2
VINV,2
IBCS,2
KGIA,2
BOPE,2
ACCA,2
HSAN,2
GIST,2
ESFA,2
EDDA,2
WPXI,2
SPCB,2
MEXP,2
SGRQ,2
SAHM,2
RUSS,2
KFHP,2
PAMA,2
MTAN,2
CFPB,2
TRIO,2
ILIT,2
MAIL,2
WCRS,2
CMKM,2
LPSC,2
MONK,2
URGE,2
CPPR,2
EICC,2
LRSY,2
LOOP,2
FARA,2
ABMG,2
AMZN,2
CREF,2
PCRD,2
NFLN,2
BEER,2
LSUL,2
CTSO,2
EETT,2
PARO,2
HONK,2
AAUW,2
BLOB,2
NUKE,2
LSAT,2
TBHQ,2
AICA,2
SSAN,2
NDAA,2
XIAN,2
SBAS,2
NIAP,2
MACE,2
ITTV,2
EGSM,2
ITRI,2
NLRA,2
HSMR,2
BIPV,2
FOJP,2
SCSI,2
EFGI,2
ANWB,2
SOTU,2
BRCM,2
NFCA,2
MLAM,2
NPRA,2
RPIX,2
UNHN,2
ITTF,2
SNIA,2
WYFF,2
MSPB,2
CYPA,2
MOTD,2
ICAN,2
CAGC,2
PFNC,2
IISI,2
PSNB,2
AOMF,2
CGNU,2
CADD,2
HODR,2
AROD,2
DAFF,2
KCTV,2
USER,2
EZLN,2
FLIP,2
PAWS,2
NIMR,2
PSPI,2
EMRS,2
PRSA,2
LSHC,2
GWSC,2
PMSA,2
MBHB,2
KESC,2
BVCA,2
DKIM,2
SDSS,2
FECA,2
NIRI,2
TYNE,2
CBRY,2
GLBL,2
SWAN,2
SPIL,2
WIPE,2
COGC,2
MOMS,2
CESP,2
TEXN,2
MGCS,2
ECLP,2
MSSC,2
BOAO,2
KTII,2
IPUC,2
AMNB,2
WKYC,2
ABOS,2
ASIL,2
IMGA,2
UDRS,2
HDCP,2
BRNI,2
EMAL,2
ATWA,2
KNEE,2
DMCA,2
CIAT,2
KIIS,2
CPHP,2
KGFL,2
MOFI,2
BKIR,2
CSID,2
ACHA,2
OLEV,2
RAUL,2
IFES,2
ICPR,2
WTFC,2
RAPP,2
CSGH,2
CGMP,2
EATR,2
CIMS,2
APDM,2
EMRM,2
BIAS,2
KENS,2
RTLS,2
CRFT,2
NATB,2
RION,2
CFTR,2
DYRS,2
NFCC,2
TITO,2
DMAP,2
MRCP,2
LSST,2
WMIN,2
RSSE,2
RIVM,2
HTFC,2
TPMS,2
CREG,2
CFAO,2
CEOE,2
KICC,2
NEPA,2
STBK,2
VARI,2
MSDN,2
FBNC,2
SOSP,2
ISEA,2
VRSA,2
IMOS,2
NZPA,2
KAMA,2
ECOC,2
TERA,2
KNLA,2
SCEI,2
JNYN,2
DWDM,2
NOCC,2
ECAP,2
MDTH,2
META,2
SOAS,2
AIME,2
SLOW,2
IONX,2
PERH,2
IBIS,2
TMCC,2
PCUN,2
CULR,2
UATP,2
MTTF,2
FRPP,2
ACLT,2
CAIN,2
INGC,2
ABCN,2
CVMA,2
WWRD,2
DJSP,2
XHIJ,2
DGCA,2
CITL,2
VLES,2
TAMA,2
FAMU,2
MOJO,2
RRLH,2
OGAC,2
HEWN,2
BDCO,2
TIML,2
WISN,2
RAPE,2
DSCT,2
YWAM,2
KNDL,2
LAOS,2
LTHT,2
RSHN,2
LINZ,2
TMOS,2
ERDF,2
SDLF,2
MICT,2
CUBA,2
GOVT,2
SBUX,2
RPRA,2
XVII,2
CBSʼ,2
ERIK,2
FELT,2
SKIL,2
ARLA,2
WAFF,2
SBIB,2
PECC,2
NFTE,2
JSOW,2
ASBA,2
OTOH,2
LLWB,2
GSPA,2
CYMI,2
IBNW,2
DEIS,2
PIRE,2
NLNG,2
CLRA,2
HULC,2
CGED,2
AAPS,2
PLOS,2
OWEN,2
FTTB,2
ATFS,2
ICMP,2
WFTS,2
CSTV,2
VAST,2
SOHN,2
HYDE,2
GATT,2
ALAM,2
OKLA,2
OEPA,2
USAG,2
MOPH,2
NASH,2
GOFO,2
MSSA,2
UTGR,2
KIMO,2
KSHB,2
LVGI,2
SSOE,2
VBID,2
DICK,2
OCLC,2
CUFI,2
RMKR,2
SLEC,2
YOON,2
MYHP,2
MAIF,2
SCHW,2
DEER,2
CFLP,2
EDMO,2
USLA,2
AQMA,2
GHIL,2
MTVU,2
ADBE,2
OBAG,2
PCEC,2
LCAV,2
ASHE,2
CIMA,2
SBCC,2
WPTV,2
FEST,2
UNDT,2
VMAX,2
SGPN,2
ATHR,2
HPQF,2
RISP,2
FCAG,2
WPRI,2
HDLC,2
MTIA,2
KLTV,2
PETM,2
NCCI,2
WFAA,2
CSCE,2
NSAA,2
AWWA,2
GBOT,2
JOEL,2
ALMA,2
BREW,2
SKII,2
NOFX,2
NIDA,2
AOPO,2
IMOW,2
LUND,2
ETMC,2
CIRV,2
TAAG,2
QPSA,2
JMCC,2
TOYO,2
NTES,2
FFFF,2
SVBA,2
PMFM,2
OCLI,2
JOSH,2
WGAW,2
MHLW,2
BCDC,2
BPCL,2
NYPA,2
MDLK,2
SAAF,2
RIFT,2
GPIC,2
CEGN,2
EEAQ,2
WHCA,2
ARGC,2
ITGI,2
JEAN,2
BCMS,2
NCCF,2
CFCC,2
AJAX,2
ECSA,2
CAPL,2
KIRA,2
VSTN,2
PRCA,2
ABAT,2
PESI,2
ERJN,2
OAOT,2
WTTC,2
AETF,2
EDBI,2
KYTV,2
TOTP,2
CWTR,2
CMPB,2
YARD,2
GSCB,2
KBFX,2
WPBF,2
ISOC,2
AGNA,2
TSYS,2
CREA,2
NIBC,2
ISMI,2
AAIA,2
LDEO,2
WAEA,2
GQRS,2
GLBT,2
MCEG,2
CRPC,2
NCRB,2
PADI,2
HRLN,2
CDNP,2
PRAY,2
EASA,2
FIKI,2
BCAP,2
WAIN,2
MITX,2
BOAT,2
LEHP,2
RSAÃ,2
LILO,2
WGSN,2
NFID,2
DCMA,2
SBFA,2
SHLM,2
BMRB,2
IPPA,2
MOND,2
JPEL,2
OSBI,2
SCLD,2
EMMA,2
SPRI,2
ACPM,2
HCRP,2
HLMP,2
BUND,2
CFSG,2
TOOL,2
IIRC,2
USTP,2
FRAC,2
ACCO,2
PFBC,2
CEHR,2
CISG,2
LSCB,2
WYTV,2
NORC,2
EULA,2
NCAE,2
RFCE,2
PRIO,2
EOKA,2
FCCA,2
BGEA,2
PAGO,2
AAAE,2
CNNI,2
UNDR,2
MEDC,2
CDPH,2
USYT,2
ARAM,2
LIMD,2
NEGC,2
MRFF,2
SLAM,2
MIPI,2
OHSU,2
DEFA,2
KILZ,2
HANS,2
PPBI,2
KDHE,2
ICEN,2
BRFC,2
BEIT,2
AEDU,2
TABB,2
NCYS,2
CPFA,2
QEDC,2
SHAD,2
BAYS,2
BNVI,2
HCLA,2
RTSM,2
WHLI,2
LUCK,2
PCMH,2
CLST,2
ARMM,2
AAMS,2
PLGA,2
GOAM,2
APFC,2
SGMO,2
WEDS,2
BAAN,2
MSZP,2
LAFD,2
NDMA,2
CJRB,2
NPQH,2
PIDC,2
DOOH,2
DFSF,2
MLEC,2
DIFX,2
WING,2
ACTH,2
LMGS,2
TRYN,2
CPIS,2
SAWC,2
MEGO,2
HRTV,2
ITAA,2
FEED,2
UTSI,2
UFDG,2
SMDC,2
ACHR,2
PIPP,2
OUCA,2
GMAP,2
NLMK,2
SLDF,2
IPOD,2
HUGH,2
IOGA,2
NFCU,2
MFLX,2
NOIA,2
UKAD,2
WJFK,2
UPFA,2
WTNH,2
RZSS,2
USAC,2
COAT,2
DORN,2
CPCS,2
XING,2
CRIC,2
APAX,2
WWAN,2
DBOA,2
NECK,2
NSTA,2
ALVA,2
OULU,2
FRCP,2
OUZO,2
UMLE,2
ATAS,2
KTBC,2
DBSI,2
RHXI,2
APBA,2
SAAR,2
RRAC,2
BAJA,2
IMIA,2
NCSS,2
RFEC,2
MINH,2
MISC,2
ISDN,2
COMO,2
VOLF,2
DING,2
WTEM,2
WFPC,2
GSPF,2
KVUE,2
HIMA,2
AAPA,2
AMSF,2
VUDU,2
QDII,2
NBTA,2
VIST,2
CSIR,2
OMXN,2
NPWS,2
RIOT,2
NVTC,2
GEMA,2
RSTI,2
NUFC,2
CSAM,2
HFTH,2
GSEP,2
PFCD,2
SDWA,2
NXEA,2
ARWA,2
GRAD,2
OFDH,2
SAMS,2
IDXX,2
CRAV,2
DPSG,2
GRIF,2
USMS,2
MIMS,2
CHTR,2
MCON,2
SKMC,2
PMDA,2
MODY,2
WECH,2
CCEL,2
ICLL,2
KGTV,2
TERC,2
CNPP,2
LLLT,2
BFPO,2
MTVN,2
JGTO,2
DOIK,2
NUCA,2
DOUG,2
CBGA,2
DVBS,2
USCT,2
STXN,2
WBLS,2
NATI,2
CETP,2
SGLT,2
PBTX,2
GATE,2
DAVE,2
ICOR,2
RCGM,2
LTRN,2
TILA,2
UKTI,2
PSCW,2
SPLS,2
CIPA,2
IROC,2
BABA,2
ACFE,2
ARIS,2
MOAA,2
FRPI,2
WHPC,2
NSSE,2
WWOR,2
WMGN,2
LAAR,2
SDSM,2
MHSN,2
ACLN,2
WTMJ,2
NEON,2
HTWR,2
ACOM,2
WSOP,2
HIDE,2
AHEI,2
SOLA,2
GRAY,2
ITEC,2
CCEI,2
RLTV,2
LAID,2
LQTS,2
TMTI,2
KOLD,2
MHRP,2
IAIN,2
GENZ,2
DOCS,2
AGYS,2
ROHN,2
ADIZ,1
KBOB,1
IOSH,1
KSTP,1
EAVE,1
MLSV,1
EEGS,1
ASTD,1
CGLD,1
HREC,1
ASNN,1
LRNP,1
AFDO,1
WATT,1
CEAP,1
MMAV,1
ANMM,1
SLOG,1
LLMA,1
PTII,1
MEGN,1
UNSW,1
TORT,1
EXRL,1
NBLN,1
USST,1
TMIS,1
DFTD,1
YZFR,1
VERB,1
KKTV,1
ITTN,1
COVD,1
DCCR,1
STFA,1
RAOC,1
RTSP,1
ZIOH,1
AVCA,1
KABI,1
IFBC,1
LMSR,1
MSXI,1
BLOW,1
HLAD,1
WHIO,1
FCOJ,1
FMCN,1
MOOP,1
DARA,1
TDTO,1
HCPT,1
MDPV,1
IPEA,1
CSTF,1
NHEO,1
BIMB,1
KITA,1
AVON,1
FIGN,1
OMLL,1
EBIG,1
EDST,1
SFIA,1
HEPS,1
SOPO,1
CPAS,1
MPES,1
DURG,1
SLAS,1
XXXV,1
TURP,1
TCBY,1
EFIT,1
MPSO,1
SHUD,1
COSE,1
EGLI,1
NATL,1
MYOB,1
OSEC,1
KXOK,1
SCTV,1
EIRP,1
TAAS,1
KWWL,1
CBHN,1
LUSH,1
RPID,1
HOTT,1
PULP,1
WSHN,1
WATG,1
BMHS,1
RAMA,1
BRCF,1
AIRY,1
CHNY,1
DEPT,1
AKOO,1
NPAP,1
CCLA,1
ROCA,1
KNTV,1
OBRA,1
SDSL,1
CHMP,1
KDLS,1
PASK,1
CDAD,1
PCIS,1
JAAA,1
GEEZ,1
APPL,1
PDLI,1
CHFN,1
REGS,1
NAMP,1
TDSS,1
RMWC,1
NYAM,1
FCRT,1
FCRF,1
AREP,1
PTES,1
FHFB,1
CIVB,1
VCCP,1
WCTU,1
JOYA,1
LVLT,1
WHRI,1
DFSN,1
EPAS,1
NMSC,1
NTFB,1
FCRA,1
BHWX,1
USEG,1
OSAF,1
PRLP,1
NCIT,1
TECD,1
WLWT,1
ORSA,1
IAAE,1
BRMB,1
SSTA,1
WXGA,1
PSLV,1
CSIC,1
BMCE,1
JRUE,1
BYOC,1
MFDC,1
UOMO,1
NWZA,1
PCFF,1
SYMD,1
RBSS,1
SMTS,1
UBNK,1
ABLA,1
EMTA,1
OSCS,1
DEHA,1
NWWT,1
OSOS,1
NSFC,1
NAVO,1
SSID,1
BAMA,1
FOWL,1
SHIN,1
MFGD,1
MCRS,1
RIFA,1
AAEA,1
ULHT,1
SEBG,1
CBFP,1
ADEX,1
EMHD,1
UKAB,1
CBGH,1
CNSS,1
CICO,1
LDEQ,1
BTBP,1
SGHC,1
MSFX,1
SHPS,1
PSSR,1
PMDD,1
HMMH,1
PEBO,1
NHRC,1
ORGC,1
AWIR,1
NADC,1
LICA,1
FSIA,1
AKPD,1
NAIT,1
OPWV,1
PDGI,1
LADC,1
WNBF,1
NHMS,1
CERC,1
PTAC,1
ISNT,1
XAML,1
NMCF,1
RACP,1
SVOX,1
TSTF,1
TGIF,1
RCPE,1
PCCI,1
LINO,1
DWSD,1
HCHG,1
RHAS,1
HADN,1
STJN,1
HNES,1
AANP,1
SPRO,1
UISP,1
JAAN,1
AUMF,1
GCIG,1
MERF,1
SNWA,1
CRST,1
RHJI,1
BHGI,1
IKSV,1
CBLI,1
EPVC,1
LLLP,1
DVDP,1
KAUH,1
PAPD,1
PZPR,1
LCPD,1
KPNX,1
WVRS,1
GPAA,1
ABAC,1
GUYT,1
DEBS,1
ROSH,1
GECF,1
AIDI,1
NGCP,1
CIFF,1
AEDS,1
RMDM,1
CRCD,1
AASU,1
ARSE,1
PLAM,1
VIPS,1
NGRS,1
WAGA,1
NCAB,1
MEOP,1
NYCO,1
NYLA,1
CBHD,1
RRIN,1
MIRN,1
CFOX,1
MHRT,1
EZCH,1
BRCN,1
CRDT,1
GCFD,1
NIFB,1
NETL,1
CAVM,1
KLIA,1
RTBF,1
PDMA,1
GNRH,1
CKOI,1
FSNA,1
MASC,1
XBOX,1
NHCH,1
BHGH,1
IIEF,1
SHTC,1
EDSA,1
NDNS,1
CMTA,1
BONT,1
CPNT,1
CSVR,1
TCFM,1
VMII,1
WJAR,1
DILF,1
NMPF,1
GSOH,1
CKNW,1
MEKO,1
ISOF,1
MEJO,1
IHFA,1
SDMS,1
TONE,1
MDSP,1
FXRT,1
FSRC,1
SANG,1
BCHR,1
TUNA,1
MURI,1
BNTM,1
TRCC,1
SGCN,1
KVOA,1
ECCO,1
SSAE,1
SMEJ,1
GUND,1
NAAF,1
NEOP,1
MAPO,1
FISV,1
USSI,1
TLWL,1
KURT,1
LYVN,1
ASPA,1
CRBC,1
NFWP,1
RREV,1
DALI,1
HGCA,1
ESEA,1
NAPP,1
TEEU,1
TERT,1
BEML,1
MCFC,1
TINA,1
TANK,1
NMAC,1
ONFL,1
MSDC,1
WMAL,1
VRML,1
NBIC,1
SAAB,1
ACDL,1
WDNR,1
WFLD,1
SINK,1
CSTO,1
FILL,1
DINB,1
JEAL,1
FFBB,1
IAPS,1
LEND,1
URPP,1
FTCH,1
PDRY,1
LSSI,1
CALA,1
SIFA,1
NYCX,1
CNLA,1
SACD,1
DOGS,1
TEEB,1
POPO,1
FTSK,1
FGTB,1
NGPL,1
ERET,1
SMIF,1
PLTW,1
KLCC,1
WGNR,1
KOMU,1
NERF,1
GVWR,1
NCNB,1
IMLS,1
IFNC,1
GBMC,1
GLOF,1
UWMC,1
BEOS,1
DIHK,1
AAML,1
OKIÂ,1
BTUN,1
ENSO,1
PHNS,1
LAAD,1
ICSG,1
NOHC,1
BEBA,1
GRAF,1
IADI,1
IIFM,1
ATIC,1
SIOE,1
EWMC,1
ANRU,1
MECO,1
DNEW,1
PTIX,1
IILA,1
BOLL,1
FRCC,1
GLPW,1
ITCD,1
NWDC,1
STML,1
RAUM,1
GRTL,1
LRIT,1
FEBA,1
FETC,1
EMSS,1
GLOR,1
SHPA,1
GUMP,1
KGRA,1
TATT,1
RMST,1
QPRT,1
ASDS,1
EMCP,1
CTNH,1
THAD,1
FPWE,1
AISO,1
BRMG,1
SWRI,1
FCIT,1
OISM,1
UAMS,1
CODY,1
CCFC,1
WBAP,1
SORE,1
UMCA,1
JUCO,1
MONE,1
IADS,1
UJIA,1
TUBE,1
ESFI,1
MMNC,1
PTSI,1
PBSJ,1
BREE,1
IFIC,1
GLEQ,1
DGRE,1
ICLP,1
PCNA,1
ACTE,1
TARA,1
ETRA,1
DYFS,1
SASI,1
QTIP,1
MSOY,1
HWTH,1
PROS,1
CASY,1
FUNG,1
PRIR,1
LISK,1
LYRI,1
AQHA,1
FRMW,1
AMAX,1
MOMR,1
MFSG,1
ABBY,1
SMST,1
TRES,1
WCCN,1
SABS,1
MITM,1
UKCG,1
NCTR,1
MBGH,1
KILN,1
PGXL,1
FMXN,1
JSIC,1
ISES,1
THCN,1
NSCU,1
POMS,1
ASAE,1
ESSG,1
DIII,1
NPFG,1
KLDE,1
IHAS,1
ATAQ,1
BUNG,1
LITT,1
KNOB,1
SKYD,1
KEYN,1
CDSA,1
MGAH,1
SPSN,1
MDRC,1
BMCO,1
DWEJ,1
APNO,1
CHOM,1
ITTO,1
MBDC,1
KHEC,1
PILL,1
SMIP,1
JFSC,1
FBNN,1
KUFA,1
NLHE,1
AWRA,1
TLDR,1
FFCH,1
NAWC,1
AMMS,1
KIKO,1
TSNA,1
RFLA,1
TOBY,1
NFEA,1
GEVI,1
PVLS,1
ARRR,1
NXXI,1
BATA,1
ADMR,1
WOSL,1
NYFF,1
ERGO,1
BDDP,1
DHCP,1
WAWA,1
EFSB,1
OTFF,1
CBKR,1
GMAA,1
TFSI,1
EMIP,1
NDCP,1
TXAN,1
BCRF,1
DKBA,1
BKYI,1
HCAM,1
LNUX,1
TSTR,1
HHMP,1
ASAN,1
TORN,1
CAER,1
HPOL,1
DRCC,1
FDCC,1
IRES,1
WSVM,1
CSFB,1
TYRX,1
FPMI,1
JNTO,1
RILL,1
MULE,1
DVNN,1
DORA,1
VSVI,1
CMDX,1
ACEN,1
IBAM,1
JBHT,1
GESN,1
UCHC,1
VSBT,1
NHSA,1
IIRO,1
EOPI,1
CTGX,1
DSWF,1
IEBF,1
PZEV,1
KILT,1
SUHN,1
KIAA,1
FSCC,1
KVBC,1
PFOX,1
OOIP,1
PACL,1
IWEB,1
CDFI,1
VISN,1
CIBA,1
CMVT,1
EGOT,1
NSCT,1
TURI,1
NCLC,1
EZON,1
MDBA,1
FRPT,1
EVOL,1
WMXD,1
NHCA,1
CIES,1
SWHC,1
ANES,1
WAMS,1
FDML,1
TONS,1
PAPA,1
EMMS,1
SBAY,1
ASDI,1
SADR,1
ETEX,1
ESNG,1
IOEC,1
KPNC,1
BMOV,1
BPMC,1
SOAC,1
NARS,1
MQTT,1
BMOJ,1
BMOK,1
IGFA,1
MSAS,1
NANX,1
ESAB,1
BMOM,1
QLMS,1
JORG,1
OATV,1
UMDA,1
JATA,1
BLTI,1
EIFS,1
QUOT,1
TOWR,1
LEXI,1
SAMU,1
ODOT,1
SIRM,1
HASA,1
DRHP,1
FEVS,1
FRSC,1
BMOI,1
KFSN,1
IMEI,1
SEHA,1
APPS,1
CRMH,1
RSMD,1
LENN,1
SALA,1
CCCL,1
LULA,1
GDDR,1
MJSA,1
LUPE,1
IRCE,1
CTEM,1
CAVU,1
GRIN,1
STCO,1
WKRP,1
FXDD,1
TUAW,1
ZIXI,1
KFXE,1
FDON,1
BMOH,1
GIMF,1
SFBC,1
ESLT,1
HGTE,1
IVHS,1
MHPA,1
SARF,1
ZBRA,1
MVNE,1
UDCA,1
BSBA,1
HCRN,1
SITO,1
TXTV,1
HMIP,1
ITAM,1
GISE,1
KANA,1
WBZK,1
MYBA,1
ACAI,1
WWFD,1
WWAD,1
MXWL,1
QVCÂ,1
VIXI,1
SCUR,1
PMCF,1
FSID,1
HKEX,1
LYLO,1
REPS,1
PLCH,1
GTAC,1
OGIP,1
MIGL,1
JFTC,1
SILL,1
ILPA,1
PPCA,1
DPNI,1
NSRC,1
GLLT,1
EFTA,1
STOW,1
STRI,1
ARCS,1
OSFO,1
DAPD,1
SOCK,1
KVMD,1
KJLA,1
CLZR,1
KWHY,1
CYNO,1
WKNR,1
OMPI,1
ELOS,1
OPCW,1
CMRO,1
DINA,1
UPND,1
TGEG,1
BRMS,1
NCCR,1
XMTP,1
CHBP,1
RAUF,1
TFSL,1
OBIS,1
XREP,1
ALSF,1
CHWM,1
ACCP,1
IISE,1
DNSC,1
EISG,1
ODAC,1
MLRS,1
KMFM,1
VNON,1
TSPT,1
NLMS,1
EIXN,1
FISK,1
WJKS,1
NTTO,1
NVTA,1
REEL,1
REVI,1
QSAI,1
PHSI,1
NSMC,1
KNUT,1
BTCC,1
WHRN,1
TAJI,1
AZGP,1
ACNA,1
CLTV,1
GRUB,1
CLBA,1
RECA,1
TIFA,1
FCCC,1
SSAO,1
SUZY,1
EITB,1
CALP,1
CCHF,1
IMCC,1
ELND,1
IBLF,1
GUGA,1
GCOS,1
DIPS,1
LHAG,1
AFBF,1
ONNA,1
AVRA,1
NRTC,1
APDS,1
PPSV,1
ITAS,1
CLFC,1
CNER,1
SYMC,1
ICEJ,1
ELMA,1
SBTG,1
GILD,1
OIBD,1
MOOT,1
APLI,1
HKMG,1
WCDI,1
SSAW,1
NTSU,1
LVNV,1
STUN,1
WOCN,1
MOSS,1
RPCS,1
PMSI,1
PGRI,1
MDAY,1
CAMC,1
YONG,1
IVIS,1
ZLDV,1
PDHI,1
PGBA,1
ICFA,1
RNCM,1
RUDY,1
WHOI,1
RDSB,1
HART,1
SOAP,1
SVVS,1
GBAR,1
ITUT,1
PMDB,1
FSBO,1
EMCC,1
HUEZ,1
SHTF,1
WENN,1
ALPE,1
CENI,1
LIPS,1
MBVT,1
NRLC,1
EMSA,1
NTAP,1
CSGN,1
TNRC,1
MEEN,1
CNCN,1
BDAY,1
OCBC,1
ITFC,1
SBAB,1
THRR,1
SGHT,1
ZDTV,1
IVAD,1
PTBT,1
LARE,1
ATLA,1
JINC,1
USIP,1
EDRS,1
NRBQ,1
SLCC,1
SROB,1
WWPR,1
NDAQ,1
UNGA,1
WNIC,1
ELEA,1
SLMC,1
OPEB,1
KSDK,1
FDEP,1
SCOG,1
MIWG,1
USHL,1
GETG,1
CNSA,1
LABU,1
TXCO,1
SDIC,1
ALNY,1
DEVI,1
DFEB,1
POLY,1
CWLD,1
IEAK,1
MNTA,1
WTOV,1
OCHO,1
GODS,1
PATE,1
PAPE,1
ENSA,1
WWBT,1
WDRB,1
BUTI,1
CTAA,1
JUIF,1
NNPO,1
USRA,1
WAKR,1
RFUK,1
UFIP,1
HBSC,1
HFDC,1
TSCC,1
MKII,1
SORA,1
QQQQ,1
WSFF,1
XRTX,1
LRIP,1
ABCA,1
FAGD,1
NOTC,1
IUCC,1
CNTO,1
PCHR,1
TREK,1
CRVL,1
OPDA,1
PTSC,1
GORE,1
SKYK,1
COLE,1
AFOR,1
GURT,1
EGTL,1
MBEC,1
SASS,1
MCFA,1
UDRP,1
NWCI,1
HSTN,1
LETN,1
PTVP,1
FETN,1
PNSI,1
SASD,1
AITF,1
CPPI,1
CEDA,1
ASUG,1
LOBI,1
SFGR,1
PUBS,1
CARM,1
GFCH,1
YOFC,1
DTSP,1
NEMO,1
PPDG,1
OVRL,1
NEOÃ,1
OPIC,1
IWPR,1
USCB,1
COWN,1
SIIS,1
IDIX,1
IGMM,1
KWAA,1
EWTS,1
CPKI,1
TRMB,1
SDTI,1
MTBN,1
FORR,1
ATSA,1
VCAT,1
KCHA,1
JCGN,1
HOTI,1
DSTO,1
FHAP,1
ISTE,1
SSRC,1
KATU,1
WREI,1
KSAT,1
VDOE,1
VION,1
NWCU,1
CBCG,1
NFKB,1
BLSN,1
WMAQ,1
QTMM,1
LRRP,1
NBPF,1
NURC,1
BBGI,1
POMO,1
CQRC,1
AERS,1
LSCE,1
HHQI,1
KEHR,1
TWMC,1
RFPZ,1
ADFS,1
QVRM,1
LAHF,1
TRBN,1
PFBX,1
SCAS,1
TTVS,1
SPSC,1
HRJC,1
WAAY,1
DEFG,1
SSAM,1
STRB,1
GATR,1
DCAM,1
DRAW,1
ABMA,1
GCCF,1
ETHA,1
IFEC,1
USRP,1
IETF,1
ADMO,1
GEAC,1
NANA,1
ICPL,1
KMTC,1
SBMP,1
CTYX,1
FCCG,1
NMHH,1
NCRC,1
MLPX,1
LACK,1
SJMN,1
FBMA,1
EMDO,1
PDPA,1
AGES,1
CEGB,1
EXPN,1
CSIQ,1
KITD,1
EMIO,1
MSCE,1
VBIS,1
REWE,1
FOTP,1
TMMM,1
TPDE,1
SILO,1
IAVI,1
WAHM,1
KHRA,1
TCXO,1
ZINK,1
OLTP,1
BLCN,1
CAIU,1
KODO,1
KHDO,1
BAGL,1
AERO,1
CSRT,1
EPMM,1
FARK,1
OMTP,1
VETS,1
SHGC,1
AMTS,1
IDCS,1
ICPW,1
TVXQ,1
FEHR,1
HEBU,1
WANG,1
BCSB,1
FCUK,1
TENA,1
MCIA,1
ALAS,1
TRAK,1
AGIA,1
STRA,1
JOSÉ,1
NEAA,1
ILSP,1
MTNA,1
BSRR,1
APTR,1
CLDF,1
GTCR,1
VMIX,1
KFNS,1
MMPI,1
TANG,1
EATN,1
UCPD,1
ZFEP,1
YOLA,1
DRCP,1
ASSR,1
FIST,1
AGIT,1
OMNI,1
TCGL,1
CEPR,1
CADX,1
AXWB,1
CECP,1
SSVJ,1
MMBJ,1
RAPT,1
AMDH,1
SMAA,1
FRLT,1
WCSN,1
IANA,1
PETS,1
NWML,1
DNAÂ,1
BDIH,1
KERX,1
ZZFE,1
TOCN,1
ZOLL,1
POLK,1
PUNK,1
LATC,1
RSRM,1
CISS,1
CNAL,1
ADAG,1
RYAI,1
CELP,1
UIMM,1
WUXI,1
BIOC,1
NTRI,1
BLUD,1
SGAE,1
IMMU,1
DKDR,1
CCSN,1
CRVO,1
FOCA,1
THBA,1
RSST,1
ABFL,1
APME,1
CMGI,1
GAAD,1
SCML,1
COWS,1
WRDA,1
CWTV,1
CASI,1
CADI,1
EMBL,1
WJXT,1
NOYS,1
OSCI,1
WCMS,1
IUPA,1
NVCP,1
DSGV,1
THCA,1
IOLA,1
MATA,1
XJTN,1
CVTI,1
EMAG,1
NEDL,1
NIIP,1
OMVL,1
PRFT,1
RGCI,1
WPLG,1
CRGN,1
CAPI,1
HEEL,1
SUDI,1
AAPP,1
REMF,1
TCXL,1
UPSN,1
PREY,1
NCFA,1
GKAS,1
AVTC,1
GATS,1
BEYS,1
AIBS,1
ARBD,1
CIIS,1
FLAC,1
CTLM,1
BAMS,1
STRM,1
GPFC,1
IBAN,1
EPIF,1
LYNN,1
BYRN,1
ECCE,1
VSIA,1
OMGZ,1
GMRE,1
ASCJ,1
OCMO,1
CMSB,1
HFBC,1
DYNN,1
ACET,1
GADA,1
IAPT,1
ETIL,1
MISL,1
YHSG,1
STAP,1
AHAM,1
BPAS,1
CDER,1
AILA,1
ABIC,1
RTFO,1
CSEC,1
ECFR,1
EPFX,1
NIKE,1
BAZE,1
ICAS,1
KLRC,1
AAAA,1
EABL,1
ACRS,1
EUVL,1
KARI,1
FSEC,1
MCTA,1
EMAK,1
PBSʼ,1
AGCM,1
KNXT,1
PPHM,1
REGP,1
YABA,1
IJZA,1
STUK,1
EQHR,1
DESA,1
ADEM,1
CERS,1
EAJA,1
ACDI,1
KEYE,1
LCGS,1
BYOL,1
BTDA,1
BASD,1
BUBO,1
CHEJ,1
AMAG,1
JUDD,1
HILO,1
SPFX,1
MONY,1
CLDN,1
ICRT,1
RGBE,1
AAUP,1
TRON,1
DMCC,1
DABA,1
IRRC,1
CNEP,1
MAVA,1
SACH,1
ENRD,1
AXIS,1
ACER,1
KCSM,1
BUYS,1
FCMC,1
NCIL,1
FTWR,1
EVCO,1
ACWA,1
ACTT,1
PASC,1
SEIA,1
ASRV,1
IGLD,1
USPC,1
ARMO,1
AMRA,1
BTCV,1
MCOT,1
BARD,1
PARP,1
OHCA,1
BJUT,1
AFUE,1
HVIA,1
ACSU,1
WOOK,1
FEDA,1
LASF,1
ATCO,1
PMED,1
NIGO,1
LOLR,1
EIFE,1
BAOR,1
JOYG,1
CERB,1
CCHS,1
SAUR,1
AOCI,1
AECI,1
RAVE,1
QFTC,1
CRNS,1
UNSC,1
HFBL,1
CYBS,1
NHIS,1
RASS,1
ISNS,1
DTTC,1
IYLF,1
CAEP,1
ESDP,1
SMET,1
BARY,1
CHAU,1
FOHE,1
ICCM,1
FTTN,1
GRFA,1
UPLC,1
WVAS,1
USNA,1
WTXF,1
MWAB,1
FOLK,1
VLCC,1
PASM,1
STHS,1
BZEQ,1
MDGA,1
WERF,1
UFSD,1
WAPA,1
MASI,1
WWOZ,1
TURF,1
PIDA,1
KURO,1
DSTL,1
VNET,1
PICL,1
PPOF,1
ALIL,1
SURF,1
KMSP,1
TIRR,1
BARG,1
UVGI,1
EDSS,1
DHEC,1
MITC,1
VLSI,1
EKTP,1
BFOE,1
SAJA,1
ABTL,1
SETE,1
CPST,1
PLCE,1
RRMS,1
CCRN,1
UNTY,1
STVA,1
CAFR,1
AITO,1
GXYF,1
MEMA,1
GEOY,1
INGV,1
KMPC,1
UNUM,1
ATLN,1
ABTN,1
FGFR,1
BMRN,1
CDBG,1
NPAW,1
OFLC,1
LXKN,1
ICHC,1
IGWT,1
RITC,1
NBGI,1
RANS,1
NYID,1
EURÃ,1
GEOX,1
WCTN,1
HRMC,1
DSCP,1
WRIC,1
NYMF,1
WTPF,1
MOGE,1
PVHN,1
ADHA,1
SIXF,1
SSSD,1
CTAS,1
PEPA,1
TOFF,1
AMWA,1
MPAL,1
JMES,1
FCMS,1
KKGN,1
JECH,1
ABII,1
MCYS,1
NISG,1
DPEI,1
UMCP,1
CPGB,1
ALAW,1
KIII,1
RUNT,1
REZA,1
NZSX,1
HPHP,1
MLCX,1
POMC,1
RPMI,1
ANAD,1
JCWI,1
BPSS,1
IBMF,1
HFFI,1
ADAP,1
BARP,1
ECIA,1
AFDC,1
BIVB,1
LAOR,1
EPLF,1
FIDI,1
IBCP,1
CAHP,1
BSEE,1
CHLN,1
RAAM,1
CDMS,1
CAGS,1
OUTS,1
AINN,1
KCMG,1
NACO,1
ILAA,1
LAPO,1
AMSC,1
CNPV,1
ADOL,1
DTCS,1
ABDE,1
OBIE,1
NAMS,1
BYRD,1
VIGO,1
SAUD,1
UTMS,1
AMIR,1
GAIS,1
EAMR,1
GERA,1
TMXN,1
LOTR,1
MCSP,1
FIVA,1
IEDS,1
NCQH,1
TEMA,1
WSBT,1
DEGT,1
KCSA,1
FCER,1
AZPA,1
ECRC,1
ABNJ,1
COOP,1
CSBR,1
ABNN,1
ELPG,1
TYNP,1
SWCG,1
REFM,1
WBRE,1
CHIA,1
KTKR,1
EVAN,1
CFIG,1
NLTB,1
NAFH,1
HVGA,1
KMLE,1
LDDC,1
QGLY,1
BIIB,1
SAMM,1
AMVA,1
COAL,1
EEZE,1
INPA,1
RFEF,1
HINA,1
VPFG,1
CDFC,1
GSFC,1
ASUA,1
POSE,1
WADE,1
LGFV,1
WISD,1
NVOD,1
ALBI,1
OFOG,1
PSEM,1
BNSU,1
DPTR,1
KCLS,1
ANGO,1
KUFM,1
ROTW,1
VRTS,1
SKIS,1
NYER,1
KCAB,1
DVLC,1
IRBM,1
HOLT,1
PDEB,1
OPKO,1
MAPK,1
WCAX,1
PRKR,1
FIBT,1
MART,1
ITRC,1
TIEM,1
SOLD,1
ROCM,1
VISS,1
THOM,1
XCIX,1
MHSA,1
IWAP,1
KGSR,1
DPAC,1
GSSC,1
WONZ,1
VERA,1
GMHC,1
CDHA,1
SCIB,1
LHBD,1
WCAA,1
LCBC,1
RJPM,1
BAMF,1
ASKA,1
BWAN,1
KXJB,1
EMPG,1
AUSA,1
SGDL,1
EGMI,1
WKYS,1
CDAC,1
WKPQ,1
VMAT,1
CPAH,1
MVSN,1
TVDL,1
LCCI,1
LEHI,1
ICDB,1
PTBI,1
SIPE,1
CFFO,1
PRID,1
NDRN,1
BUST,1
IPAR,1
ISIL,1
KORR,1
FSYI,1
DKAM,1
MAIT,1
MGAT,1
PNDD,1
NIPS,1
HLSN,1
DOOC,1
CHKN,1
VASC,1
GTTC,1
JONG,1
IRIX,1
IENG,1
VCNA,1
XSEL,1
CVHC,1
IFIP,1
OMRO,1
IWCS,1
SCSL,1
CMMF,1
EZEN,1
PREZ,1
CPNI,1
FPAG,1
RBOM,1
RBSI,1
TRIC,1
WKAT,1
USRT,1
KIFI,1
HIFN,1
CROI,1
CEER,1
GRIP,1
AVVH,1
LBGT,1
HMNB,1
LUNG,1
TWCC,1
TRED,1
ISVV,1
VRCG,1
BATI,1
KKJZ,1
HNIG,1
DRYS,1
KDAF,1
CGTL,1
BPAP,1
ACRE,1
MSPP,1
CMLP,1
LORA,1
LRMC,1
WNBD,1
NADI,1
BMSS,1
ATVB,1
KUZZ,1
BWAY,1
LGTM,1
BRKA,1
BRKB,1
SNEN,1
ITIG,1
WRNR,1
ALGN,1
DWAN,1
SEBB,1
SXAP,1
CRIN,1
STZN,1
NFDC,1
FDXF,1
DVIA,1
HSCA,1
WCAU,1
RMIT,1
NWTS,1
UISL,1
WGAL,1
SAMX,1
UTTI,1
EMAP,1
PLAS,1
EJAF,1
JAZI,1
SVNN,1
ZÜCA,1
NAIN,1
PRSP,1
TUCK,1
KPSP,1
MPEL,1
GIGN,1
UTCD,1
TVRI,1
BTWW,1
MOSE,1
PLMA,1
WUTC,1
ICRP,1
CWSI,1
HIKE,1
RSPA,1
ANCH,1
NGNM,1
ALBK,1
LMOS,1
CNBN,1
PWRF,1
ILWU,1
DHCC,1
CCES,1
SIGG,1
NOVL,1
ZNOC,1
CVAA,1
APCD,1
ICSW,1
MOAI,1
ABAP,1
MBRK,1
BERG,1
IIIU,1
IIIW,1
ASBC,1
HSYK,1
WSTA,1
VNPT,1
DIAL,1
RTAC,1
CNCS,1
ESDC,1
GYSD,1
SOLM,1
WITT,1
NSAM,1
NOAD,1
SSVF,1
EDIS,1
HPBA,1
SMRL,1
IEAE,1
ASLC,1
PNTR,1
HAST,1
MAUI,1
EVFN,1
VCIN,1
ADVO,1
PUSC,1
ALXA,1
VEGA,1
CRFB,1
EVLN,1
GTGP,1
FEEP,1
VHSV,1
ESDM,1
SRAM,1
MLPA,1
FUNK,1
KMBC,1
MMAS,1
ECBC,1
CELL,1
USUN,1
KOKO,1
CANS,1
IOTV,1
NCEO,1
MBRG,1
AFDA,1
GBLN,1
MGPI,1
PSDA,1
SSHE,1
SARJ,1
TRIG,1
KTIV,1
RYCA,1
FIGF,1
WAVY,1
BESS,1
EBRT,1
SBYA,1
IIWA,1
FMLS,1
TMHD,1
AAGE,1
SPPF,1
KISH,1
PSEF,1
CFSB,1
EASL,1
VDMA,1
POGL,1
WPSD,1
ALEP,1
ONSM,1
OBSV,1
PMPA,1
CCFS,1
NBTC,1
CHRD,1
AASM,1
MONS,1
ARTC,1
SFDC,1
MASA,1
SICL,1
WCWS,1
MÓLE,1
HRVA,1
DFTA,1
EQMS,1
HXVI,1
IGCP,1
HERZ,1
MITA,1
CCOI,1
PSLC,1
SPTS,1
DNEF,1
DCHA,1
NAWA,1
CAQH,1
RAYL,1
OMOC,1
NUTS,1
NFSN,1
AANA,1
OMAL,1
OMOE,1
OMKO,1
LIEB,1
GORD,1
VVUS,1
CVII,1
ITAT,1
DISP,1
CWCC,1
MBCT,1
EXOR,1
MDTN,1
ITUR,1
EGBA,1
NICO,1
PVHO,1
AAGA,1
CNCT,1
IRMO,1
BBNF,1
TRIA,1
APRD,1
DUII,1
WMAC,1
NIVA,1
NRCI,1
OVBD,1
DLQI,1
NSCC,1
DCAI,1
DISS,1
BSPM,1
WPSI,1
SINI,1
ASST,1
ARCI,1
TRMA,1
PPTA,1
FFPH,1
JEGI,1
DCOS,1
FLAP,1
UTSW,1
PMRY,1
CHGS,1
WAPL,1
UCCA,1
FVPF,1
PEPR,1
FCIB,1
CREO,1
ATUS,1
CPPP,1
STJO,1
SMRC,1
ECQT,1
OTGO,1
JRCT,1
MOBO,1
DPHI,1
OMBG,1
XPSP,1
CJTF,1
WMUF,1
NAPO,1
CNON,1
PCMT,1
HCFA,1
UCAC,1
ARMN,1
SOTC,1
MMFM,1
ROHL,1
WMZA,1
ITPC,1
ECWR,1
MEAD,1
SAYE,1
DYMO,1
JNEM,1
XODG,1
CEPS,1
BBAG,1
NAMU,1
TIMI,1
EXEC,1
UNDO,1
WTWT,1
DOER,1
ADMN,1
CABB,1
PDCI,1
BPSU,1
ICCF,1
POKO,1
IIAA,1
VPSO,1
PRPA,1
THEO,1
AIOC,1
AIMA,1
LGLG,1
RFJV,1
JDCC,1
FPRI,1
SEAC,1
XWAP,1
FFHS,1
FMTV,1
HOHU,1
SEXY,1
WTWP,1
NTKN,1
ASAS,1
ESCC,1
HABA,1
MOPD,1
KSBC,1
RLRN,1
APRO,1
ACJW,1
CGPS,1
NYSP,1
RUAS,1
LITI,1
IFRA,1
OEIC,1
OSPI,1
ALDN,1
UVTP,1
CRDN,1
CRIA,1
DIXI,1
AHAA,1
KEQU,1
SONE,1
RYGB,1
MMHI,1
NCGC,1
ROAR,1
WIBF,1
AWSR,1
DSRU,1
LMTY,1
XOXO,1
IASO,1
CSAT,1
GMPG,1
SWEP,1
JIVE,1
PIER,1
RAAN,1
WXIN,1
WPTE,1
BTOY,1
ESSE,1
BEPC,1
EPCA,1
SUPN,1
CEFP,1
PSCA,1
MPRI,1
VRMA,1
HWKN,1
CEHI,1
NZOC,1
WCKY,1
INCA,1
BOOS,1
AIZN,1
CABL,1
CBOD,1
NATA,1
SEHK,1
ILNS,1
COLO,1
OPUS,1
MCHP,1
ASTE,1
RBOS,1
TICR,1
DEEM,1
ECSI,1
IAAP,1
AOGC,1
EAVR,1
QPIF,1
VEPF,1
OTAH,1
TOYA,1
NDPN,1
UAMN,1
AMLF,1
MFEA,1
DFRL,1
WLRN,1
HALT,1
FDEF,1
CMIM,1
TSLF,1
LICI,1
UKSE,1
ENVY,1
WEWS,1
BILT,1
EUMC,1
WTRG,1
LUNU,1
HURL,1
VRUS,1
ACAM,1
YUAN,1
VSCC,1
FUZZ,1
NWCR,1
CPLS,1
ENIX,1
NSPF,1
BVNN,1
FESI,1
CATY,1
AKBN,1
ZURB,1
HCWH,1
DLSR,1
RCTU,1
MCPA,1
SUNV,1
TCBI,1
HICA,1
SLMN,1
APGI,1
EOGN,1
ATEX,1
ILTA,1
PHSO,1
KFAR,1
FEFF,1
DDTL,1
CBRJ,1
MEMY,1
VSOE,1
RMAS,1
TRMP,1
NYHN,1
SBRY,1
VDUF,1
IMSI,1
SPGN,1
ATFL,1
UPFD,1
GEHA,1
EMIS,1
FRYE,1
RNRL,1
EIDA,1
OFFA,1
NOUR,1
VVSD,1
NXEC,1
SDIT,1
WTVJ,1
CRMA,1
GRRM,1
BUFU,1
AMWU,1
IVRS,1
IWRS,1
ADEL,1
KMPN,1
WKBO,1
AECQ,1
USLM,1
TNRO,1
PCCS,1
IGHL,1
EXOU,1
NDDS,1
VITN,1
XXVI,1
PNLP,1
WBNG,1
RKAK,1
CMFR,1
BVPS,1
HTVL,1
MAYA,1
TYPE,1
OTSU,1
MODA,1
UALR,1
PJTV,1
NETI,1
ICEF,1
CBCL,1
BANF,1
TEDS,1
CSSD,1
OAHU,1
TOOM,1
TSSC,1
OMOS,1
MHAP,1
YUMN,1
PGBN,1
VTEC,1
NBAD,1
SCDP,1
MSEC,1
NASL,1
HAMC,1
KASE,1
KCIE,1
CCBB,1
PONL,1
AERI,1
CSII,1
SCIC,1
MMIA,1
MDTL,1
BAVQ,1
CATI,1
CREZ,1
WCVA,1
UCMK,1
CAMR,1
PGCB,1
WGTS,1
CCGS,1
LCMV,1
WDVX,1
FISI,1
AKEL,1
SHOT,1
ECRG,1
TPPI,1
CSCN,1
ACNN,1
BAHR,1
JADO,1
NLCN,1
GBCI,1
CARR,1
PALV,1
GAMA,1
VICS,1
FNPT,1
GDSN,1
EXIF,1
NSEC,1
HIHI,1
AREC,1
WRGL,1
SCAC,1
PACK,1
CWFC,1
WSUP,1
BVII,1
HSBU,1
NCRG,1
ASFG,1
AGED,1
SOLE,1
AEOL,1
LSRT,1
DLLR,1
WULF,1
STWC,1
UEFI,1
CHVC,1
CBAE,1
OSMA,1
SMUG,1
ENON,1
USBX,1
KPFA,1
IBBL,1
LULZ,1
CSHL,1
MISO,1
PAGB,1
HALE,1
CEAR,1
POEA,1
PSID,1
ITSI,1
GIPI,1
LAMA,1
ROLE,1
NTFS,1
CHAK,1
PHLX,1
OHSO,1
MATS,1
CRTD,1
OPCC,1
BRVM,1
KNFB,1
ISMS,1
ATRT,1
AXLE,1
IDES,1
GUHR,1
CAPP,1
IXMD,1
DADA,1
CFSC,1
TBTC,1
BROM,1
LEEP,1
SLES,1
PMMA,1
FLOP,1
NGAS,1
MUES,1
ORFR,1
HPPC,1
GIIN,1
ERSO,1
PAIC,1
PHPC,1
CWPT,1
DISC,1
AUAN,1
DUVI,1
TIOS,1
WFWP,1
MENU,1
TPER,1
WCMF,1
VPRO,1
CRZO,1
SMFM,1
APUC,1
GWTG,1
ILEA,1
DEAN,1
MIWU,1
DERP,1
LITE,1
PAWN,1
AAID,1
KFNN,1
STNG,1
EIDE,1
JUNO,1
NSAI,1
TRSL,1
FIPR,1
NUST,1
ICML,1
DHCA,1
TOMA,1
BFFN,1
SRMF,1
RDFW,1
JRPM,1
TUNE,1
NYIC,1
KNIT,1
FALN,1
BEEP,1
EPMÂ,1
ETOL,1
MMDA,1
FBML,1
CPAL,1
XXDR,1
LCBO,1
EAAD,1
SSNC,1
STVP,1
CBEN,1
NRFC,1
MRON,1
TAXS,1
ALNC,1
MEDG,1
FLAT,1
CNSE,1
UGLY,1
WMAV,1
KMIZ,1
CAPC,1
REEF,1
MTUC,1
WISK,1
ESPÃ,1
BUSD,1
RCIC,1
PACO,1
SSEW,1
SUPP,1
IDIS,1
IPHS,1
AATF,1
FLIX,1
STZB,1
MPDU,1
NWLC,1
REER,1
SOMM,1
TSSM,1
ICRS,1
CBSO,1
MCOX,1
TRRA,1
BBBB,1
CUFS,1
LOOE,1
PPSG,1
HMMR,1
WMVP,1
WTAS,1
AASA,1
YNEZ,1
MAPS,1
UNRG,1
VDIK,1
MWES,1
CICM,1
ARCC,1
AFIS,1
MFEN,1
DREA,1
LABC,1
WYNX,1
NMCI,1
CSDW,1
CMIL,1
FEEC,1
BEAC,1
PONG,1
NRPA,1
HDNG,1
JRTA,1
SCSN,1
DSGE,1
DIVA,1
YSAP,1
HMIN,1
ADEA,1
QSDP,1
WAGR,1
CRMI,1
DPHY,1
LPOE,1
WHGS,1
FFFO,1
DAPA,1
HTSS,1
ICBL,1
USPB,1
TSOD,1
CSXN,1
MIAC,1
EYRE,1
LCNI,1
AAFC,1
AKBD,1
SFLG,1
ULSD,1
MXLN,1
REIS,1
FMOC,1
LESA,1
ARAF,1
HEAL,1
ORIO,1
PCDH,1
WERN,1
NEPH,1
ICIT,1
FLEN,1
ADSM,1
NBIA,1
VPWS,1
BKMU,1
HMHS,1
AXPW,1
ASBU,1
SPVC,1
NAPT,1
URHN,1
ELAD,1
RNST,1
HALN,1
BAAJ,1
IMPM,1
SIMA,1
CSNO,1
THUS,1
DPPO,1
GAWR,1
NABI,1
WJRT,1
HMNZ,1
LCCC,1
CSPC,1
SEPT,1
PCSU,1
BACF,1
ADIS,1
DESK,1
DARN,1
NGIC,1
ASHA,1
NCAL,1
BAAD,1
SOMO,1
IUBS,1
EFII,1
CPRW,1
PSAV,1
KXXV,1
DCCT,1
DGEP,1
KODA,1
PPRS,1
BADA,1
AVGN,1
SCOM,1
ZCTU,1
GRMH,1
OREM,1
LADT,1
WPGA,1
MITI,1
AMLL,1
SNSC,1
MBPS,1
ASPO,1
TMNT,1
BACE,1
IBWA,1
CNIM,1
LIOD,1
PWEC,1
GTTV,1
MARO,1
CSEM,1
DAVY,1
NINO,1
SSMA,1
UERJ,1
CTSP,1
HMMC,1
DILL,1
SOSF,1
FPSC,1
EBPP,1
KGIC,1
GCWR,1
XSBP,1
EINT,1
WRDF,1
CHRI,1
TCHP,1
SVCO,1
NVCC,1
GLUM,1
OFID,1
IBBC,1
HEPI,1
RTCA,1
BRGO,1
PSTX,1
TLAA,1
PUMP,1
MCTS,1
MUCC,1
XATA,1
INAC,1
LBFS,1
SATD,1
ASJA,1
MIAD,1
USAN,1
HTMD,1
AOCN,1
QSAN,1
WPTY,1
MDZA,1
MDCA,1
PARE,1
SEMI,1
NMSP,1
TAMI,1
LEEF,1
MUSA,1
KOHL,1
IMFD,1
NEDA,1
AWRE,1
VOWG,1
NSLC,1
GLAU,1
RTUK,1
AIRV,1
CFMI,1
COBL,1
NAAP,1
ASNC,1
ROAM,1
FRCS,1
KRXQ,1
RELM,1
ANSV,1
CPNN,1
WCJB,1
DAAD,1
TUSC,1
MCLN,1
QRIO,1
IZEN,1
QUNU,1
SIKH,1
CPRM,1
AVST,1
SACS,1
IDOT,1
DMCH,1
OKEY,1
CDEL,1
MACO,1
GNLF,1
GAIT,1
IMGL,1
MSON,1
ENAR,1
DPLM,1
GCVO,1
KCVO,1
FIDH,1
FORE,1
TUCG,1
ZOLT,1
ZTEM,1
FISM,1
EFMD,1
CGDC,1
WFLX,1
SVLP,1
NOPD,1
LIEG,1
BSCB,1
GITI,1
KSCR,1
MHBT,1
AMFM,1
FREI,1
CNSO,1
WPNI,1
GGTI,1
IPSS,1
AOSM,1
WAAP,1
FFDR,1
GHDX,1
ZOIR,1
DEIR,1
IMRX,1
QDEX,1
RDMA,1
GLCI,1
CIBD,1
ECNU,1
ARSM,1
KCOY,1
MINA,1
HLFN,1
WBEZ,1
CHLG,1
CDTI,1
CDMO,1
PLEA,1
IAPL,1
SIRT,1
PRRA,1
LSTC,1
MAFF,1
MOCG,1
MBMG,1
WHEW,1
ALDH,1
ULEV,1
CMFT,1
IGRC,1
NMTV,1
ASID,1
APHL,1
PPCN,1
BRTV,1
CCID,1
PICO,1
HSPR,1
WARD,1
PGMO,1
COHR,1
BIDS,1
BXLA,1
CXLA,1
ICDL,1
IECC,1
CBWP,1
WXTV,1
DNGH,1
ILMN,1
SILS,1
EWST,1
VMBR,1
NWLN,1
GSLV,1
PEFC,1
KDFW,1
PLOT,1
ISCR,1
MAHR,1
VIPN,1
CCCI,1
NPBK,1
EIBI,1
MMWC,1
GIDU,1
ALMO,1
PSFK,1
MAXI,1
ISBF,1
TSMN,1
TIII,1
CNAA,1
BAPM,1
PRTS,1
BOON,1
FGCU,1
PEGI,1
HSPD,1
WWRC,1
PTDC,1
FFSP,1
BETJ,1
KTWV,1
NXTM,1
KANK,1
SDST,1
CVFF,1
HRPT,1
KIMM,1
IXIS,1
WKHK,1
IAPC,1
NFCR,1
OPTA,1
ASAD,1
FEDC,1
PCOT,1
HKMA,1
WRVR,1
MSHK,1
SCAA,1
JAYA,1
GOTT,1
ADAT,1
MCHL,1
PAMS,1
ADLR,1
EDTV,1
JTXN,1
HCIS,1
IMRI,1
HIAS,1
SDTV,1
ITIC,1
GNRG,1
JMMA,1
VLCD,1
POLE,1
BIMA,1
NLDS,1
KICK,1
HANG,1
AMPH,1
HCOL,1
DCWW,1
OMMC,1
ZIRP,1
RANK,1
UHAL,1
CMMA,1
CADW,1
USFI,1
DMHC,1
MSTR,1
RIGI,1
OPRM,1
PTKB,1
MPET,1
ABCB,1
AFMS,1
ALLT,1
AUNG,1
OFII,1
NDCS,1
OCTG,1
DPEA,1
SCHN,1
SHLT,1
NARC,1
CTTC,1
ACDC,1
TUSR,1
CENT,1
UGGS,1
NMIC,1
STEO,1
NPPL,1
NETT,1
CIAM,1
DSHL,1
IETU,1
XKCD,1
WSLS,1
BXWD,1
NFHA,1
EMSL,1
DOON,1
OCIF,1
WWIR,1
SOSB,1
ASMS,1
KALB,1
BCTM,1
SGPT,1
ISEÂ,1
FURY,1
MUMS,1
NIZO,1
WNEG,1
WMBB,1
VFTW,1
WMBN,1
GOOP,1
ERES,1
EQIP,1
CRNT,1
NCXN,1
BOSE,1
DEVO,1
CIOE,1
EMED,1
HOOK,1
CECT,1
CHTL,1
NEAS,1
CHRB,1
FSTR,1
DDEL,1
SPFN,1
WHOA,1
BUTS,1
NIAF,1
SBSI,1
OSIA,1
MLEM,1
WKYT,1
EHCR,1
UBIG,1
BHIT,1
IIIT,1
CLMT,1
EOSD,1
LOLI,1
WQXR,1
VOXX,1
BPUT,1
WEAR,1
PALE,1
APSH,1
KTVK,1
JICA,1
CIRS,1
VRBO,1
PSME,1
TRAM,1
EFGO,1
MTDF,1
ACME,1
CTVM,1
NLCR,1
ALRA,1
ZIFT,1
NCAS,1
EDDS,1
NSFW,1
NSMB,1
ASLR,1
UCTT,1
GIFT,1
ARUP,1
BPGC,1
BAPE,1
SLCD,1
OTAR,1
NOLS,1
LTCI,1
CMAN,1
EPAW,1
IHEU,1
BOCI,1
ISFA,1
WEDC,1
HRIC,1
CTIP,1
MLRC,1
BTOB,1
HICP,1
RIVR,1
EACM,1
NCDS,1
REID,1
RACF,1
ADES,1
MSBS,1
LOOX,1
SEAJ,1
YMRS,1
HAMD,1
BIOF,1
VGRS,1
RORO,1
LCIT,1
IMAS,1
HTYP,1
SMEI,1
UMWA,1
TFCA,1
ADDM,1
ELEW,1
APOL,1
WRAF,1
WHFS,1
LOPE,1
IHHS,1
SFEF,1
RIPS,1
AYSO,1
SURW,1
DUKW,1
FISN,1
NREP,1
ERTU,1
NYNB,1
ROOT,1
NBRF,1
THOR,1
BGRC,1
GFCI,1
INTL,1
EMUE,1
SEVI,1
FYOO,1
YDNT,1
BESE,1
BTPS,1
SWYV,1
TVOC,1
CEFX,1
LDPE,1
CACG,1
ANIE,1
MRTA,1
CNLG,1
NFHS,1
HIHL,1
AVMC,1
ASCE,1
TAGI,1
ATHF,1
TTII,1
GPTV,1
FWAB,1
FIRA,1
UHMS,1
DISD,1
CVIS,1
AKBA,1
LMAG,1
SYNJ,1
BDSI,1
WPLJ,1
ONXX,1
NMEC,1
LRAD,1
REON,1
NIRP,1
CCLS,1
TARE,1
TROG,1
AHAG,1
CLAU,1
FHPP,1
CPCB,1
SVET,1
INCR,1
CHMC,1
GFSI,1
SGGL,1
KETA,1
TMHU,1
NIPD,1
RIAS,1
NCWU,1
RAFV,1
WSIB,1
CPMS,1
APQP,1
FMEA,1
CNSR,1
DHRP,1
APER,1
HGPI,1
MTAA,1
JOBA,1
PIDX,1
FCRC,1
CNAN,1
NHBC,1
MEDT,1
WCNC,1
RFOG,1
LENR,1
CXCR,1
TUOL,1
SGAM,1
OBSS,1
ETFE,1
ANNN,1
REED,1
BRAG,1
ETAK,1
MERR,1
KHON,1
LAHN,1
SAAS,1
ELGX,1
WWFH,1
UKHO,1
CVAT,1
GGPN,1
BPIX,1
OODA,1
CWAF,1
DOVE,1
NSRI,1
TAGP,1
HDML,1
CHNG,1
SOHU,1
CCNP,1
FUBU,1
ZESA,1
MBTU,1
SAQR,1
KAFR,1
WJZW,1
RIMS,1
FUSS,1
ACBD,1
ICBF,1
VMLH,1
FLRC,1
DCAC,1
SSUS,1
GEAR,1
LIMC,1
BGSU,1
CVNE,1
CPRF,1
ESTU,1
MINN,1
SFTP,1
WDET,1
CMSN,1
GOMZ,1
WFNX,1
ZZZZ,1
PMLE,1
MSBA,1
SMSI,1
MHEG,1
PFCU,1
TSHO,1
EYES,1
BTWI,1
NAVN,1
MEAL,1
SPML,1
SQMA,1
SQMB,1
CBCF,1
LPBP,1
TYNF,1
TREX,1
MEBA,1
UFOS,1
SSQE,1
RTPJ,1
EPMÃ,1
EPFL,1
GLAM,1
VBLI,1
MENC,1
KGET,1
PUVA,1
FINN,1
ESNC,1
SIEW,1
HIFA,1
JDPA,1
TRAX,1
TBGH,1
NBRA,1
MORA,1
FCCP,1
TEAS,1
WTIC,1
CFLN,1
SPAN,1
NILE,1
DYNT,1
DNSX,1
AEIA,1
HUFH,1
EPAR,1
RSME,1
WLTX,1
WMAM,1
USKY,1
USVA,1
ATFP,1
HSRA,1
IFAT,1
DWMW,1
DTTW,1
AMYA,1
AVNY,1
MNIN,1
RUSK,1
GASM,1
DREC,1
AVLA,1
KDLW,1
EVVV,1
ADEQ,1
NUWC,1
XTLB,1
PFLD,1
NORD,1
SBTI,1
DAWN,1
IFSC,1
SNBC,1
SCOP,1
CPMG,1
WARE,1
AAPM,1
TAIB,1
SRCH,1
HRMM,1
USID,1
USDC,1
BKSA,1
GFLB,1
MAWR,1
BRYN,1
OCTF,1
PRBI,1
RINA,1
NPCC,1
SAMW,1
PPMS,1
RTJP,1
DGSE,1
OPTV,1
ESYE,1
TCFL,1
FOLD,1
WZTV,1
CHIC,1
INIS,1
TDCJ,1
LTLM,1
SAVP,1
PECR,1
NDCC,1
FOET,1
IJJP,1
IIMS,1
UTSC,1
CLCS,1
AMVC,1
KMBZ,1
REMO,1
CSVC,1
NLEA,1
MCDC,1
JPSK,1
CTRP,1
WTCS,1
BSAM,1
POOM,1
NSRP,1
CIDA,1
MOSN,1
PRRP,1
RHIT,1
NEWZ,1
YMCK,1
SMMC,1
TUMS,1
KOFU,1
DOLE,1
TGIC,1
INFY,1
NASI,1
LMAN,1
TSAF,1
LRHC,1
WIFI,1
GACT,1
NSBN,1
BZHN,1
GYIP,1
PTSA,1
RIHS,1
MPVI,1
CASP,1
OCVB,1
EMEW,1
ELPC,1
QTWW,1
DFAS,1
TVMA,1
ABSL,1
MFCC,1
SPNI,1
CAWP,1
CLRI,1
FMLA,1
KVOR,1
FFIS,1
MMCD,1
EAEE,1
WZAA,1
UNET,1
SSPA,1
UNIV,1
LSVD,1
DMRF,1
IAEE,1
DGMT,1
BSNA,1
WAVI,1
LAHJ,1
WCBO,1
SDMC,1
NMWA,1
ANPP,1
TPCT,1
WXTR,1
EAPR,1
NCES,1
SGPS,1
IDPP,1
VIIC,1
JNCI,1
IRAK,1
GPRO,1
MEPC,1
AGET,1
NMCP,1
CONE,1
MCDI,1
HOWE,1
EECM,1
PFMA,1
ZERP,1
HDTM,1
CETO,1
NOSE,1
JDIG,1
VRWC,1
TOPA,1
GREN,1
OVCF,1
AAAF,1
FFII,1
HDIL,1
VRLA,1
IFTC,1
AHSS,1
NHIN,1
SARM,1
DTMP,1
DDIT,1
LAZY,1
NDSS,1
NIHL,1
APPA,1
CLNE,1
WENR,1
WAZA,1
BLLN,1
UBHT,1
BMHC,1
HMVL,1
ESAS,1
ARES,1
ZAKA,1
VITA,1
PCIX,1
MTVR,1
KAUL,1
ZNBC,1
DRCO,1
LDGN,1
LUKE,1
MGIN,1
NTER,1
FRAX,1
GFCF,1
CNHI,1
CSUF,1
STAA,1
IVAS,1
SECU,1
CSIT,1
ZINC,1
ARPA,1
MFUG,1
ICTJ,1
LTAT,1
SEES,1
TRRS,1
KROQ,1
KDCP,1
JOVE,1
XXXY,1
NIET,1
PGEC,1
SVNT,1
ECDI,1
BFMS,1
HSII,1
VELC,1
ITCA,1
BNAC,1
INGE,1
SRIO,1
VRAD,1
RNNM,1
ARWU,1
PCGA,1
RNOH,1
GRTF,1
ADEC,1
GRTG,1
SWIG,1
EITM,1
AVFC,1
SBSS,1
PPIM,1
FRAY,1
MODE,1
CHAN,1
MDMS,1
LCEC,1
ACEU,1
LGTY,1
JISQ,1
CSPG,1
NETA,1
VWAG,1
UMUC,1
CSYT,1
BBXN,1
MPDG,1
PDNA,1
WXIA,1
CEGH,1
CHOI,1
AFSA,1
CUNP,1
PIFA,1
CMMB,1
BFTP,1
TMSÂ,1
UTTM,1
PGTI,1
CEBS,1
WDSU,1
DHIN,1
HNZF,1
FCHI,1
PTMK,1
MSIF,1
REEC,1
TRAN,1
SSCP,1
FZCO,1
CHIH,1
CSAG,1
CXBT,1
GEIA,1
SMTV,1
KLRT,1
HWHL,1
DOTP,1
CSBS,1
NEET,1
PTDS,1
CSIA,1
PRTG,1
KXII,1
USPI,1
CHEN,1
JOIE,1
JODI,1
OVHA,1
PROD,1
NCND,1
NDVF,1
LDPX,1
XXIX,1
IACC,1
ECTC,1
CNTY,1
DNDN,1
ACVR,1
NABR,1
PRNW,1
PTWC,1
IIWG,1
IMCF,1
WWXX,1
WWXT,1
IBIM,1
LFVN,1
NIRC,1
JMPR,1
QALA,1
TWIT,1
KWGN,1
EVMP,1
AFIP,1
COBZ,1
NSYE,1
OTPC,1
ATEP,1
WIBP,1
SCGB,1
LFTC,1
CYBX,1
PCEN,1
ERPT,1
BARS,1
NCRP,1
GCNS,1
WACK,1
XLRI,1
SCEC,1
KOIN,1
CGAA,1
CDRR,1
WGMS,1
SAEB,1
IKPT,1
PFCL,1
ACFN,1
CMGT,1
YUFU,1
LGPA,1
OCAC,1
SLUT,1
GRWE,1
GPNY,1
XIAO,1
AVEA,1
YANG,1
OCDI,1
SCXÃ,1
STAT,1
TDRA,1
CESC,1
TTSI,1
PERK,1
SSPN,1
FDLI,1
PRGO,1
COBE,1
SRZN,1
ARGW,1
DLNR,1
MASK,1
CMPI,1
CHRE,1
RTTW,1
GFIG,1
DDSM,1
NRPN,1
ESBI,1
KIVI,1
ITEN,1
KBYU,1
CAVE,1
NCSV,1
TTHI,1
MCLA,1
ETAG,1
SDVC,1
EWHG,1
LCDC,1
RRMU,1
ACPE,1
SFIO,1
PSPÃ,1
DEGS,1
WHUR,1
PETI,1
SPWR,1
UCLG,1
BMCC,1
TDMA,1
WBNS,1
CPIW,1
USWA,1
LGFN,1
WAPT,1
DCRF,1
RLYG,1
HDSA,1
SFTA,1
TFPV,1
NMDA,1
XSNX,1
IPCT,1
WVAU,1
MIRP,1
PRPG,1
BITE,1
COCO,1
DAIC,1
NAVR,1
RSPM,1
XDTT,1
GADS,1
XLFA,1
SHAM,1
WUKY,1
AEXP,1
VSED,1
DUAL,1
IPMI,1
SASA,1
TMDL,1
DEVP,1
FAMA,1
UVUM,1
SPAS,1
SCIT,1
WTVF,1
NWHI,1
BHIX,1
AIDA,1
SOVX,1
IBGH,1
RNLA,1
NNDC,1
CWLZ,1
DVDS,1
ACNF,1
SNRI,1
HSIA,1
IACA,1
WHEB,1
XFML,1
BBSS,1
WIGS,1
CBLC,1
FRUD,1
CNIH,1
RCRC,1
ECOA,1
WQEX,1
PCRA,1
GTFO,1
CRTH,1
LCDX,1
NSUR,1
WAAF,1
FAGE,1
JCTC,1
ADFA,1
HDRS,1
DCGS,1
MEPI,1
OJRF,1
GAVE,1
IABF,1
NHTI,1
MCIL,1
EVMS,1
IDLG,1
KNSY,1
FPPC,1
RCBC,1
IUSS,1
DYSC,1
EGGO,1
ENEC,1
BIFF,1
WATB,1
FMMI,1
PBFA,1
SUZE,1
DXVP,1
PATR,1
AIEA,1
MDSC,1
RUIZ,1
PHSA,1
DSCM,1
HCIT,1
ATVM,1
TRMM,1
CUPE,1
NULL,1
GEMT,1
VETO,1
LGTB,1
PIKS,1
SIPS,1
MRCC,1
TOSU,1
HITN,1
BIKE,1
GPXM,1
MAKO,1
CMPD,1
CURC,1
AFTT,1
EERC,1
ZUMA,1
LIHD,1
OGAP,1
UGMA,1
RSPP,1
VATS,1
ISMN,1
DNCC,1
AOSU,1
PHMN,1
SGMS,1
CCBC,1
AISD,1
COFI,1
FIMA,1
RCLI,1
VDSS,1
EOIR,1
MUSH,1
PBRN,1
LADA,1
VOID,1
AWIM,1
BDMV,1
HCCS,1
ILTM,1
IFEZ,1
BVOC,1
CDDA,1
DVDR,1
BDAV,1
CGCC,1
MPEP,1
ALQB,1
ENTU,1
GFIA,1
PBTH,1
MODG,1
JKLF,1
TBFG,1
MSTI,1
FLWS,1
POJV,1
RCCM,1
BHCT,1
MRWS,1
LYME,1
WZZM,1
DJIM,1
MATO,1
BCTV,1
FACA,1
HOSL,1
RAJI,1
ABSB,1
CNTF,1
GHWT,1
CPUT,1
IIEA,1
INPD,1
KWTV,1
UNFI,1
HFSR,1
ONCY,1
GAVA,1
SLUG,1
RONA,1
ENCO,1
TOON,1
LTFC,1
RMAF,1
IDFC,1
KATO,1
PNUT,1
LUTZ,1
WTVR,1
VOWS,1
EATS,1
ATAT,1
PWER,1
MNRK,1
COLL,1
AHDI,1
ODVC,1
ANZA,1
NERA,1
IMUS,1
YIWU,1
CIRC,1
ACLS,1
ATLS,1
WNTW,1
PPAP,1
PING,1
ANPI,1
KIWW,1
NIKI,1
PONV,1
PNAC,1
ACFM,1
SUCK,1
BOZO,1
KIDD,1
YOBI,1
ICLS,1
JIMA,1
MIST,1
HKEA,1
NUPA,1
SGAS,1
WDCC,1
WOUB,1
USNI,1
KLAC,1
EDAR,1
TMJD,1
GASP,1
KCPQ,1
CNCI,1
QROP,1
CSKH,1
WREP,1
POFR,1
LIZN,1
MIMB,1
ADNL,1
SCBA,1
WWMB,1
TCKB,1
TCKA,1
RGLD,1
DMEF,1
HFAM,1
ACSN,1
BCBR,1
BDKJ,1
HAMS,1
KYIV,1
JBJS,1
JPNN,1
TTWF,1
FIIM,1
MRIS,1
DIAC,1
IGIV,1
REVO,1
PLDT,1
NOPR,1
CWGC,1
CMMS,1
VIMS,1
SSOP,1
ECAC,1
CFSM,1
SIGH,1
RONE,1
WEEP,1
RTRS,1
XWES,1
RIVA,1
NGRC,1
VESA,1
PSGS,1
DFAT,1
KCIC,1
DLCC,1
GPTW,1
DRLN,1
ARTN,1
OPDO,1
BMDS,1
MTRX,1
HEYE,1
GMBH,1
GTWN,1
IMAN,1
ANRS,1
UNLF,1
HOLA,1
CWFF,1
COHM,1
INPE,1
IFBA,1
ACMV,1
PPSL,1
ELZA,1
GALE,1
COTA,1
VAWD,1
CAGY,1
MRCT,1
HULL,1
NEOG,1
CRNA,1
AFAC,1
BRLI,1
IGLA,1
SEGI,1
CCNE,1
CASK,1
KNIC,1
CNRU,1
GCNF,1
DACF,1
AORN,1
NAFD,1
LRRK,1
XAUI,1
HENN,1
DDRX,1
GAIA,1
CWLP,1
INEM,1
SESG,1
DNCL,1
MPRD,1
TGRW,1
SDAL,1
ADIH,1
CRLF,1
SEOP,1
BDCP,1
IFPS,1
TROW,1
ULPD,1
CARA,1
AGON,1
PEDH,1
NGSA,1
SHLD,1
OMED,1
NYNL,1
GUNS,1
IAFP,1
FSRV,1
BARF,1
LJMU,1
AMGA,1
CAES,1
FESA,1
INES,1
SCCE,1
KARE,1
AMCC,1
IIVV,1
KURZ,1
PARD,1
NAFA,1
BSGG,1
AHEM,1
LGVX,1
BZCN,1
KOOP,1
AKNS,1
LCCU,1
CCHD,1
ISLN,1
CSEP,1
NISP,1
WSYX,1
TSCO,1
KDRV,1
MRAM,1
WHMO,1
IJIS,1
WTKR,1
AAPT,1
ITWN,1
YUBA,1
SOOO,1
SPOB,1
BETA,1
NIEA,1
AXLN,1
PCAP,1
SCER,1
FKFK,1
PHPH,1
NTMA,1
OLIM,1
TRWN,1
STXX,1
DTTO,1
DUCU,1
CEAM,1
OTSD,1
MGRG,1
LUSK,1
PRIA,1
WGRZ,1
SIST,1
AMIT,1
BITU,1
BNIN,1
HCDC,1
CRMC,1
APPO,1
SUVS,1
MVAS,1
CBHW,1
OPAL,1
IWPA,1
RIGS,1
PPAN,1
GIII,1
SHOF,1
LWAY,1
BBCC,1
WBIE,1
EMLC,1
NUNS,1
BOBB,1
SACN,1
ODFS,1
ICRF,1
KHBS,1
ILSA,1
KCPP,1
UBCI,1
BCAM,1
DFFF,1
GCAC,1
FDTC,1
FNDS,1
HCRC,1
CHDX,1
RDNN,1
PMIN,1
MTGN,1
PROO,1
BAEZ,1
YMUS,1
MSAT,1
SICI,1
WNIT,1
AIRT,1
KRON,1
AWDC,1
CLHI,1
PIAP,1
NDFA,1
ANGA,1
AAHC,1
BADR,1
FAWC,1
CELG,1
JFIT,1
NLFT,1
OHRP,1
FNAT,1
FNTR,1
JEDM,1
AVRÃ,1
LMCT,1
CGPL,1
IFSL,1
SCSR,1
WFMU,1
SKOW,1
CMPS,1
SWRO,1
UMPP,1
PCPS,1
VPBM,1
ASPD,1
DJTA,1
LENB,1
SCVL,1
NLGA,1
SMCI,1
WHYY,1
KIBO,1
CEFF,1
QUIK,1
WETV,1
DIFF,1
SCTP,1
CJSC,1
TIED,1
IIEP,1
AMPN,1
ELAH,1
HENK,1
AKSE,1
FINF,1
RAFI,1
SMUD,1
ACCY,1
ANSE,1
ALZA,1
ADLS,1
PRBS,1
SLLI,1
BMPS,1
LEGE,1
STXS,1
BFSU,1
SOKF,1
PAAL,1
ISEN,1
SCHS,1
CPMF,1
GTEC,1
LCMT,1
URIN,1
MASP,1
HLND,1
SFPD,1
ARRI,1
DSNY,1
LDTX,1
PANG,1
CUPS,1
UMPC,1
CRIM,1
GOZA,1
MDTV,1
DSAM,1
TSCA,1
PIPS,1
FOIL,1
MDRI,1
HPGP,1
USVP,1
UCEA,1
IUOE,1
SWKN,1
BDKN,1
SJPD,1
SCDC,1
NUHC,1
WAAC,1
ACTN,1
HRAL,1
COHC,1
IDCN,1
FNSR,1
ALVR,1
DARC,1
VANE,1
KFDM,1
SCTF,1
MTDS,1
WCVE,1
ROIA,1
HCFC,1
ATMA,1
SOVN,1
CEFN,1
CITP,1
CCCC,1
DEFY,1
NPWT,1
BLBV,1
ICSD,1
AOFF,1
INFL,1
AIRP,1
BAIT,1
EASN,1
DEGI,1
RUMO,1
NAYO,1
PUKE,1
JOST,1
DOSE,1
SRSL,1
FEDN,1
TORA,1
ACSA,1
SPHM,1
SSTI,1
GLPK,1
NBAR,1
TKDL,1
NOTW,1
ABRY,1
MFAN,1
DCSI,1
CLEP,1
INEZ,1
XIDE,1
BMTS,1
MDCM,1
PDEX,1
MASN,1
NOMC,1
ADBC,1
COSI,1
SBAC,1
ICOM,1
DFCS,1
SKIP,1
UMEA,1
NTEC,1
ELKO,1
DNKY,1
BSXN,1
HOSC,1
SMAX,1
APDA,1
NIAS,1
CEAC,1
ARIB,1
ELNK,1
ISOH,1
CMPC,1
ARGH,1
BBAM,1
DESI,1
WLIB,1
KOBE,1
WCAS,1
CAAT,1
PBKH,1
BGYL,1
SNSA,1
RIGL,1
LPLN,1
EMNS,1
KFDA,1
OTDR,1
FTBE,1
DSLN,1
PGPF,1
BCOM,1
RVRC,1
VTRQ,1
WEAN,1
MTBC,1
SANM,1
EKKK,1
PREI,1
CDIO,1
OOZE,1
RSLC,1
NRXN,1
BLSP,1
BLNX,1
EMDP,1
RJET,1
AAWW,1
ATSG,1
KCCC,1
ODSY,1
RELY,1
SOVA,1
KMXN,1
NCTH,1
DBIS,1
CMTX,1
AWES,1
WMAS,1
OLPE,1
PCAD,1
MIGA,1
KPCB,1
VLOS,1
ZUMZ,1
IMPS,1
SSAS,1
PFSC,1
OWLS,1
STSV,1
CADE,1
IEUA,1
UPDA,1
NBBJ,1
MBRT,1
OPAP,1
BOPP,1
NADO,1
DGMO,1
AGNN,1
BNRT,1
KBHS,1
MCFE,1
AOSC,1
NANC,1
CPDO,1
UFHA,1
BLAM,1
TATE,1
SOTG,1
KHOG,1
DPMO,1
VHMC,1
USGI,1
FFIN,1
AFFT,1
PATA,1
AUON,1
KRAP,1
NELI,1
WOGL,1
KOGI,1
MORN,1
UCLH,1
IFED,1
HCOM,1
DDCI,1
KDWB,1
AACE,1
THAI,1
NMDP,1
HAIN,1
ATAR,1
TQFP,1
ADSR,1
MOAB,1
HBMA,1
GCAA,1
FMRP,1
GSFP,1
DCAR,1
SFNN,1
FOEE,1
ASSA,1
ARNE,1
ICGC,1
ESAA,1
NYSA,1
UKDS,1
SMEX,1
MTSO,1
ACDA,1
APNA,1
FAPS,1
LINA,1
MOSC,1
ACFC,1
RDEA,1
NSCN,1
ICDR,1
NOKN,1
HCTZ,1
SBDA,1
DHOF,1
EBHR,1
ORIN,1
GNWN,1
MICA,1
GREW,1
AEMD,1
IPYS,1
INTZ,1
ECCU,1
ASES,1
FBIR,1
SNOB,1
ALSD,1
SGFC,1
WWWT,1
JESD,1
RCMA,1
IOTC,1
LTPS,1
GSIG,1
IMAI,1
SKOV,1
PROH,1
SNDZ,1
NBDM,1
ZENV,1
BOOB,1
ASIG,1
COBU,1
CEWM,1
PSBR,1
AIIM,1
USFS,1
PERM,1
PPTN,1
PIMS,1
BIIH,1
GFSA,1
JKSE,1
WATO,1
GMES,1
NORM,1
WHQL,1
DKMS,1
VMED,1
XXIV,1
PASA,1
OPED,1
ALLY,1
HNWI,1
RBNZ,1
CDPE,1
WBUR,1
AMAT,1
CSRS,1
PNVS,1
TADS,1
CULT,1
USDX,1
SNAC,1
LQFP,1
SJWP,1
TFEU,1
SKGO,1
HFRI,1
GDII,1
KTAR,1
LCPS,1
MHQP,1
IOJV,1
FEHB,1
HPCL,1
SIZE,1
TOSS,1
NYLL,1
NOOF,1
OCMS,1
CRAQ,1
ERYT,1
RTAX,1
SLEN,1
ESYS,1
WSAV,1
WCBD,1
BBNC,1
TQNT,1
CIFS,1
SFSB,1
NISC,1
ETLA,1
EDPR,1
CCCD,1
PHSE,1
TTXP,1
LPRP,1
PJHQ,1
MEEA,1
ONEO,1
SUSS,1
DETI,1
LOGO,1
AVEW,1
USGP,1
HSBA,1
RITE,1
RSSB,1
RAFF,1
KKBC,1
SDRM,1
SOBE,1
IQMS,1
HAMM,1
CAIC,1
ONTO,1
HESA,1
PSFF,1
ISDR,1
NOMA,1
COSN,1
XSLT,1
USCS,1
MUFC,1
PBSC,1
PLKH,1
WPUL,1
IIPF,1
TUPN,1
GCSF,1
URFF,1
LINQ,1
SMPC,1
WMBA,1
NTTC,1
BONE,1
AAIM,1
CBFA,1
ZEDO,1
GUAM,1
NRTS,1
AAIU,1
JOSB,1
PSIA,1
CCSS,1
RJSS,1
IPAS,1
UDOP,1
OBSI,1
GFML,1
DEMN,1
GUMC,1
WOES,1
LOPA,1
CYBC,1
CPSA,1
CERM,1
ACTS,1
MATE,1
STMF,1
FINL,1
AALA,1
MODS,1
DSEI,1
BCCS,1
CANO,1
SOTO,1
SDEA,1
SUSA,1
RDCH,1
CRRC,1
DOWJ,1
HBCN,1
FTER,1
SWOG,1
VICA,1
ICLA,1
KEMN,1
NCIN,1
MFGN,1
RBSN,1
ALIF,1
CVBG,1
HSFP,1
CBDR,1
INIF,1
FOSS,1
OXYN,1
IFKA,1
PMEC,1
CQCA,1
BNCL,1
ITEP,1
PCGG,1
NRPS,1
FAOB,1
XEMC,1
APGC,1
HECK,1
CANÓ,1
OKUN,1
HNAB,1
ALGM,1
JKHY,1
ACRO,1
DMGI,1
AGRE,1
TRIN,1
IPAB,1
KMEX,1
CNMG,1
LEMV,1
ALYX,1
ISAM,1
CONN,1
SGMA,1
TTHD,1
DFAC,1
AESA,1
IAHV,1
NIGP,1
RBDS,1
ATNE,1
ETFX,1
NMQF,1
DMVA,1
FOUL,1
TCNJ,1
PHFA,1
WTVT,1
EASE,1
TRPA,1
ARNA,1
SUBS,1
YECH,1
INTU,1
NPFL,1
SNRV,1
ECSP,1
REFS,1
XXXI,1
CPVD,1
KINA,1
CIXI,1
FSMT,1
IEPD,1
OACU,1
IAKF,1
RFCU,1
KWKN,1
LKCM,1
MCAT,1
GLGT,1
YIGO,1
IRPS,1
AZNN,1
PRAH,1
EUBK,1
LONE,1
NRPB,1
BSFS,1
SRPS,1
WAWK,1
CFMB,1
ZENN,1
CCOP,1
CIFE,1
LRMR,1
ENAM,1
FCEB,1
SCPO,1
WLSA,1
TCDC,1
NAHC,1
BFEE,1
HFMA,1
YQMC,1
SAFA,1
KSKK,1
CEUS,1
CCTF,1
UCCE,1
LHMC,1
OPYN,1
KIBI,1
NEAL,1
FRBK,1
ESWT,1
VSCP,1
FDLP,1
VANJ,1
EVSC,1
SECB,1
LLNW,1
MALD,1
INOF,1
WBBH,1
LEAH,1
ZAPU,1
QLTI,1
DONA,1
ATOR,1
CASD,1
EEMS,1
OHNY,1
LCWR,1
DORB,1
COPA,1
WILM,1
HDSL,1
HGAA,1
WAPI,1
APPX,1
SBEP,1
SGGE,1
THIN,1
ACHE,1
UKSH,1
TUBA,1
BRDO,1
HOXA,1
OEPC,1
FSRP,1
MOOD,1
SSFA,1
LOAC,1
PHOE,1
CUNO,1
NAYA,1
ELXN,1
HEES,1
NIHR,1
DHHS,1
UOLL,1
GPIF,1
ADRA,1
HAPA,1
NSAT,1
NHXL,1
HNMA,1
FRXN,1
VVIP,1
IMEC,1
HPSM,1
WBRZ,1
PPFP,1
AKTC,1
CDHT,1
FSEI,1
ASDF,1
AACN,1
VOCM,1
REHS,1
TALL,1
JACI,1
TEVA,1
NDIC,1
IPAC,1
CBCA,1
SECX,1
DCGI,1
WGHP,1
UMCN,1
EIBF,1
MCAM,1
NATC,1
JMBA,1
WOWT,1
WVIA,1
HKAC,1
BIDZ,1
KGHM,1
NMGC,1
PROI,1
IQPC,1
PIII,1
ISMM,1
XVAC,1
MMCC,1
BBGR,1
APRU,1
JOOP,1
PPCO,1
OMHB,1
FMSA,1
MOOS,1
WSJV,1
CNAF,1
LSEL,1
CSRD,1
GCDT,1
LCOE,1
LVCC,1
NSGA,1
WCTV,1
PIKA,1
SUED,1
SMOG,1
TAPN,1
FTSA,1
AVOD,1
SPSO,1
MTCE,1
PEDA,1
NYRE,1
SLXX,1
GXDX,1
IUOM,1
MERV,1
OCCF,1
OIRA,1
SJTU,1
JPMS,1
EVPL,1
SRAK,1
EBAM,1
ATRI,1
SIEA,1
OCNN,1
EUYO,1
BLCU,1
ZETA,1
NCBW,1
DTSC,1
XETV,1
CADG,1
MVLY,1
DHCR,1
UDMA,1
AAMD,1
WDDM,1
TMST,1
RTMS,1
BCBC,1
COLI,1
MPHO,1
KFGO,1
RFTD,1
FNBA,1
JPMC,1
GZHM,1
WOBM,1
TWII,1
MUND,1
SAPO,1
CGRB,1
EPUB,1
ADVA,1
IAFF,1
KMAX,1
OATH,1
